date,time,steps
2025-11-01,08:54,8
2025-11-01,08:55,6
2025-11-01,08:56,11
2025-11-01,08:57,27
2025-11-01,09:01,7
2025-11-01,09:03,13
2025-11-01,09:05,95
2025-11-01,09:06,35
2025-11-01,09:07,58
2025-11-01,09:08,13
2025-11-01,09:09,80
2025-11-01,09:10,30
2025-11-01,09:11,7
2025-11-01,09:12,6
2025-11-01,09:31,16
2025-11-01,09:36,29
2025-11-01,09:45,24
2025-11-01,09:46,28
2025-11-01,09:47,50
2025-11-01,09:50,43
2025-11-01,09:51,92
2025-11-01,09:54,23
2025-11-01,09:55,37
2025-11-01,09:56,78
2025-11-01,09:57,29
2025-11-01,10:11,39
2025-11-01,10:12,17
2025-11-01,10:13,53
2025-11-01,10:14,72
2025-11-01,10:15,9
2025-11-01,10:16,58
2025-11-01,10:17,61
2025-11-01,10:18,37
2025-11-01,10:19,34
2025-11-01,10:20,11
2025-11-01,10:21,32
2025-11-01,10:22,49
2025-11-01,10:23,33
2025-11-01,10:25,22
2025-11-01,10:26,37
2025-11-01,10:27,22
2025-11-01,10:28,25
2025-11-01,10:29,9
2025-11-01,10:30,12
2025-11-01,10:31,57
2025-11-01,10:32,48
2025-11-01,10:33,73
2025-11-01,10:35,31
2025-11-01,10:36,86
2025-11-01,10:37,9
2025-11-01,10:46,23
2025-11-01,10:47,32
2025-11-01,11:04,7
2025-11-01,11:05,48
2025-11-01,11:08,7
2025-11-01,11:09,78
2025-11-01,11:10,14
2025-11-01,11:13,16
2025-11-01,11:14,21
2025-11-01,11:15,26
2025-11-01,11:21,23
2025-11-01,11:50,33
2025-11-01,11:51,71
2025-11-01,11:53,75
2025-11-01,11:54,101
2025-11-01,11:55,105
2025-11-01,11:56,102
2025-11-01,11:57,103
2025-11-01,11:58,102
2025-11-01,11:59,101
2025-11-01,12:00,102
2025-11-01,12:01,101
2025-11-01,12:02,100
2025-11-01,12:03,101
2025-11-01,12:04,102
2025-11-01,12:05,102
2025-11-01,12:06,101
2025-11-01,12:07,82
2025-11-01,12:08,94
2025-11-01,12:09,101
2025-11-01,12:10,104
2025-11-01,12:11,98
2025-11-01,12:12,101
2025-11-01,12:13,103
2025-11-01,12:14,98
2025-11-01,12:15,13
2025-11-01,12:22,35
2025-11-01,12:23,7
2025-11-01,12:25,18
2025-11-01,12:26,9
2025-11-01,12:27,6
2025-11-01,12:37,23
2025-11-01,12:38,26
2025-11-01,12:39,18
2025-11-01,12:40,3
2025-11-01,12:44,7
2025-11-01,12:45,46
2025-11-01,12:46,15
2025-11-01,12:47,9
2025-11-01,12:48,60
2025-11-01,12:49,32
2025-11-01,12:50,13
2025-11-01,12:51,10
2025-11-01,12:52,12
2025-11-01,12:53,51
2025-11-01,12:54,56
2025-11-01,13:34,24
2025-11-01,13:47,11
2025-11-01,13:48,40
2025-11-01,13:49,41
2025-11-01,14:12,15
2025-11-01,14:13,14
2025-11-01,14:18,7
2025-11-01,14:24,42
2025-11-01,14:25,16
2025-11-01,14:26,45
2025-11-01,14:49,31
2025-11-01,15:11,62
2025-11-01,15:12,7
2025-11-01,15:13,68
2025-11-01,15:14,49
2025-11-01,15:17,6
2025-11-01,15:19,6
2025-11-01,15:20,5
2025-11-01,15:23,34
2025-11-01,15:24,29
2025-11-01,15:25,28
2025-11-01,15:26,50
2025-11-01,15:27,21
2025-11-01,15:30,17
2025-11-01,15:31,55
2025-11-01,15:32,33
2025-11-01,15:33,37
2025-11-01,15:35,7
2025-11-01,15:36,23
2025-11-01,15:37,52
2025-11-01,15:38,15
2025-11-01,15:39,5
2025-11-01,15:50,18
2025-11-01,15:51,10
2025-11-01,16:31,19
2025-11-01,16:32,28
2025-11-01,16:33,17
2025-11-01,16:34,17
2025-11-01,16:35,27
2025-11-01,16:36,15
2025-11-01,16:37,6
2025-11-01,16:38,103
2025-11-01,16:39,5
2025-11-01,16:48,28
2025-11-01,16:49,37
2025-11-01,16:53,11
2025-11-01,16:55,46
2025-11-01,16:56,7
2025-11-01,16:57,2
2025-11-01,16:59,7
2025-11-01,17:01,18
2025-11-01,17:02,45
2025-11-01,17:10,18
2025-11-01,17:11,1
2025-11-01,17:12,24
2025-11-01,17:13,111
2025-11-01,17:14,66
2025-11-01,17:15,74
2025-11-01,17:16,80
2025-11-01,17:17,71
2025-11-01,17:18,83
2025-11-01,17:19,80
2025-11-01,17:20,89
2025-11-01,17:21,106
2025-11-01,17:22,112
2025-11-01,17:23,89
2025-11-01,17:24,88
2025-11-01,17:25,83
2025-11-01,17:26,62
2025-11-01,17:27,107
2025-11-01,17:28,109
2025-11-01,17:29,87
2025-11-01,17:30,108
2025-11-01,17:31,83
2025-11-01,17:32,94
2025-11-01,17:33,77
2025-11-01,17:34,41
2025-11-01,17:35,72
2025-11-01,17:36,93
2025-11-01,17:37,55
2025-11-01,17:38,33
2025-11-01,17:39,93
2025-11-01,17:40,57
2025-11-01,17:41,25
2025-11-01,18:30,6
2025-11-01,18:31,1
2025-11-01,18:32,29
2025-11-01,18:33,44
2025-11-01,18:53,3
2025-11-01,19:03,39
2025-11-01,19:04,22
2025-11-01,19:06,16
2025-11-01,19:07,8
2025-11-01,19:12,15
2025-11-01,19:14,6
2025-11-01,19:21,19
2025-11-01,19:27,20
2025-11-01,19:28,4
2025-11-01,19:30,20
2025-11-01,19:31,18
2025-11-01,19:32,66
2025-11-01,19:33,36
2025-11-01,19:34,8
2025-11-01,19:42,28
2025-11-01,19:43,27
2025-11-01,19:59,26
2025-11-01,20:23,3
2025-11-01,20:36,9
2025-11-01,20:51,6
2025-11-01,20:52,19
2025-11-01,20:56,8
2025-11-01,20:57,18
2025-11-01,21:12,29
2025-11-01,21:13,71
2025-11-01,21:14,75
2025-11-01,21:15,44
2025-11-01,21:17,40
2025-11-01,21:54,45
2025-11-01,21:55,4
2025-11-01,22:57,93
2025-11-01,22:58,55
2025-11-01,23:00,55
2025-11-01,23:01,18
2025-11-01,23:03,16
2025-11-01,23:04,89
2025-11-01,23:05,9
2025-11-01,23:30,5
2025-11-01,23:31,8
2025-11-01,23:33,17
2025-11-02,07:58,47
2025-11-02,07:59,44
2025-11-02,08:02,3
2025-11-02,08:03,7
2025-11-02,08:05,72
2025-11-02,08:06,1
2025-11-02,08:07,3
2025-11-02,08:20,6
2025-11-02,08:23,95
2025-11-02,08:28,39
2025-11-02,08:29,55
2025-11-02,08:30,47
2025-11-02,09:56,18
2025-11-02,09:58,50
2025-11-02,09:59,12
2025-11-02,10:00,23
2025-11-02,10:01,1
2025-11-02,10:02,42
2025-11-02,10:03,16
2025-11-02,10:14,30
2025-11-02,10:16,12
2025-11-02,10:17,40
2025-11-02,10:18,10
2025-11-02,10:19,14
2025-11-02,10:21,10
2025-11-02,10:22,7
2025-11-02,10:24,7
2025-11-02,10:40,7
2025-11-02,10:50,21
2025-11-02,10:51,7
2025-11-02,10:52,61
2025-11-02,10:53,23
2025-11-02,10:54,6
2025-11-02,10:55,9
2025-11-02,11:01,11
2025-11-02,11:02,27
2025-11-02,11:03,19
2025-11-02,11:05,40
2025-11-02,11:06,6
2025-11-02,11:13,11
2025-11-02,11:23,3
2025-11-02,11:32,39
2025-11-02,11:33,39
2025-11-02,11:34,84
2025-11-02,11:35,79
2025-11-02,11:36,90
2025-11-02,11:37,110
2025-11-02,11:38,110
2025-11-02,11:39,96
2025-11-02,11:40,109
2025-11-02,11:41,103
2025-11-02,11:42,99
2025-11-02,11:43,62
2025-11-02,11:44,83
2025-11-02,11:45,98
2025-11-02,11:46,65
2025-11-02,11:47,77
2025-11-02,11:48,102
2025-11-02,11:49,75
2025-11-02,11:50,107
2025-11-02,11:51,99
2025-11-02,11:52,45
2025-11-02,11:53,69
2025-11-02,11:54,87
2025-11-02,11:55,90
2025-11-02,11:56,58
2025-11-02,11:57,90
2025-11-02,11:58,83
2025-11-02,11:59,61
2025-11-02,12:21,43
2025-11-02,12:22,19
2025-11-02,12:23,5
2025-11-02,12:24,20
2025-11-02,12:25,15
2025-11-02,12:26,5
2025-11-02,12:27,14
2025-11-02,12:28,54
2025-11-02,12:30,12
2025-11-02,12:32,7
2025-11-02,12:33,31
2025-11-02,13:03,56
2025-11-02,13:04,24
2025-11-02,13:05,16
2025-11-02,13:06,52
2025-11-02,13:07,29
2025-11-02,13:08,89
2025-11-02,13:09,11
2025-11-02,13:10,48
2025-11-02,13:11,1
2025-11-02,13:12,59
2025-11-02,13:13,53
2025-11-02,13:15,28
2025-11-02,13:16,22
2025-11-02,13:17,65
2025-11-02,13:18,13
2025-11-02,13:19,39
2025-11-02,13:20,60
2025-11-02,13:21,58
2025-11-02,13:22,22
2025-11-02,13:23,20
2025-11-02,13:24,9
2025-11-02,13:26,3
2025-11-02,13:27,8
2025-11-02,13:28,7
2025-11-02,13:33,19
2025-11-02,13:36,7
2025-11-02,13:37,3
2025-11-02,13:38,37
2025-11-02,13:39,99
2025-11-02,13:40,66
2025-11-02,13:41,82
2025-11-02,13:42,50
2025-11-02,13:43,70
2025-11-02,13:44,45
2025-11-02,13:45,23
2025-11-02,14:09,31
2025-11-02,14:10,43
2025-11-02,14:56,12
2025-11-02,14:57,20
2025-11-02,15:02,3
2025-11-02,15:12,48
2025-11-02,15:21,13
2025-11-02,15:26,42
2025-11-02,15:27,15
2025-11-02,15:28,45
2025-11-02,15:55,22
2025-11-02,15:56,43
2025-11-02,15:57,65
2025-11-02,15:58,17
2025-11-02,15:59,28
2025-11-02,16:00,24
2025-11-02,16:01,43
2025-11-02,16:02,1
2025-11-02,16:03,56
2025-11-02,16:04,64
2025-11-02,16:05,34
2025-11-02,16:06,65
2025-11-02,16:07,4
2025-11-02,16:08,20
2025-11-02,16:09,30
2025-11-02,16:10,103
2025-11-02,16:11,58
2025-11-02,16:12,38
2025-11-02,16:16,23
2025-11-02,16:17,12
2025-11-02,16:18,29
2025-11-02,16:21,17
2025-11-02,16:22,37
2025-11-02,16:23,40
2025-11-02,16:24,26
2025-11-02,16:25,98
2025-11-02,16:26,69
2025-11-02,16:27,19
2025-11-02,16:28,10
2025-11-02,16:29,12
2025-11-02,16:30,20
2025-11-02,16:31,48
2025-11-02,16:32,19
2025-11-02,16:33,20
2025-11-02,16:34,32
2025-11-02,16:35,24
2025-11-02,16:36,36
2025-11-02,16:38,8
2025-11-02,16:39,33
2025-11-02,16:40,3
2025-11-02,16:41,15
2025-11-02,16:42,24
2025-11-02,16:43,8
2025-11-02,16:45,20
2025-11-02,16:46,45
2025-11-02,16:47,21
2025-11-02,16:48,47
2025-11-02,16:49,38
2025-11-02,16:50,67
2025-11-02,16:51,19
2025-11-02,16:53,18
2025-11-02,16:54,41
2025-11-02,16:55,30
2025-11-02,16:56,24
2025-11-02,16:57,21
2025-11-02,17:03,41
2025-11-02,17:04,59
2025-11-02,17:08,16
2025-11-02,17:15,21
2025-11-02,17:16,28
2025-11-02,17:17,5
2025-11-02,17:18,11
2025-11-02,17:21,37
2025-11-02,17:22,36
2025-11-02,17:23,47
2025-11-02,17:24,92
2025-11-02,17:25,105
2025-11-02,17:26,98
2025-11-02,17:27,110
2025-11-02,17:28,63
2025-11-02,17:29,114
2025-11-02,17:30,108
2025-11-02,17:31,90
2025-11-02,17:32,104
2025-11-02,17:33,52
2025-11-02,17:34,87
2025-11-02,17:35,95
2025-11-02,17:36,101
2025-11-02,17:37,62
2025-11-02,17:38,17
2025-11-02,17:41,15
2025-11-02,17:42,2
2025-11-02,18:22,7
2025-11-02,18:29,42
2025-11-02,18:30,1
2025-11-02,18:32,22
2025-11-02,18:39,5
2025-11-02,18:40,42
2025-11-02,18:41,1
2025-11-02,18:42,20
2025-11-02,18:51,24
2025-11-02,18:52,21
2025-11-02,18:54,28
2025-11-02,19:20,51
2025-11-02,19:21,16
2025-11-02,19:22,31
2025-11-02,19:25,17
2025-11-02,19:26,15
2025-11-02,19:27,6
2025-11-02,19:32,7
2025-11-02,19:49,7
2025-11-02,19:51,10
2025-11-02,20:53,14
2025-11-02,20:54,95
2025-11-02,20:55,44
2025-11-02,21:28,5
2025-11-02,21:29,66
2025-11-02,23:01,27
2025-11-02,23:02,27
2025-11-02,23:03,1
2025-11-02,23:05,6
2025-11-03,06:37,15
2025-11-03,06:38,26
2025-11-03,06:39,31
2025-11-03,06:40,70
2025-11-03,06:41,21
2025-11-03,06:46,50
2025-11-03,06:54,21
2025-11-03,06:55,29
2025-11-03,07:19,41
2025-11-03,07:20,18
2025-11-03,07:22,11
2025-11-03,07:23,40
2025-11-03,07:26,67
2025-11-03,07:27,24
2025-11-03,07:28,63
2025-11-03,07:29,23
2025-11-03,07:30,17
2025-11-03,07:35,66
2025-11-03,07:36,116
2025-11-03,07:43,108
2025-11-03,07:44,112
2025-11-03,07:45,37
2025-11-03,07:55,7
2025-11-03,07:56,53
2025-11-03,09:00,15
2025-11-03,09:01,26
2025-11-03,09:02,7
2025-11-03,09:04,14
2025-11-03,09:07,11
2025-11-03,09:09,10
2025-11-03,09:12,20
2025-11-03,09:13,14
2025-11-03,09:14,35
2025-11-03,09:16,29
2025-11-03,09:17,69
2025-11-03,09:22,28
2025-11-03,09:23,53
2025-11-03,09:24,42
2025-11-03,09:25,54
2025-11-03,09:31,14
2025-11-03,09:32,32
2025-11-03,09:38,36
2025-11-03,09:39,47
2025-11-03,09:43,48
2025-11-03,09:44,2
2025-11-03,09:56,10
2025-11-03,10:00,9
2025-11-03,10:08,8
2025-11-03,10:09,13
2025-11-03,10:19,12
2025-11-03,10:24,26
2025-11-03,10:54,13
2025-11-03,11:09,18
2025-11-03,11:12,18
2025-11-03,11:20,7
2025-11-03,11:23,12
2025-11-03,11:26,12
2025-11-03,11:35,15
2025-11-03,11:36,4
2025-11-03,11:39,10
2025-11-03,11:42,20
2025-11-03,11:43,3
2025-11-03,12:02,15
2025-11-03,12:03,18
2025-11-03,12:04,26
2025-11-03,12:08,20
2025-11-03,12:10,21
2025-11-03,12:11,26
2025-11-03,12:22,7
2025-11-03,12:23,10
2025-11-03,12:24,46
2025-11-03,12:25,4
2025-11-03,12:31,15
2025-11-03,12:32,54
2025-11-03,12:33,31
2025-11-03,12:34,19
2025-11-03,12:36,40
2025-11-03,12:37,8
2025-11-03,12:42,30
2025-11-03,12:45,13
2025-11-03,12:51,9
2025-11-03,12:52,47
2025-11-03,12:53,64
2025-11-03,13:17,9
2025-11-03,13:21,21
2025-11-03,13:28,10
2025-11-03,13:31,9
2025-11-03,13:40,20
2025-11-03,13:48,8
2025-11-03,13:49,18
2025-11-03,13:50,11
2025-11-03,13:57,13
2025-11-03,14:00,12
2025-11-03,14:01,13
2025-11-03,14:14,7
2025-11-03,14:26,13
2025-11-03,14:34,60
2025-11-03,14:35,32
2025-11-03,14:36,12
2025-11-03,14:43,16
2025-11-03,14:52,12
2025-11-03,15:18,19
2025-11-03,15:23,9
2025-11-03,15:27,17
2025-11-03,15:30,32
2025-11-03,15:31,9
2025-11-03,15:33,15
2025-11-03,15:44,26
2025-11-03,15:45,19
2025-11-03,15:46,43
2025-11-03,15:55,15
2025-11-03,15:58,32
2025-11-03,15:59,10
2025-11-03,16:00,11
2025-11-03,16:07,7
2025-11-03,16:10,8
2025-11-03,16:17,9
2025-11-03,16:25,14
2025-11-03,16:26,1
2025-11-03,16:31,9
2025-11-03,16:32,26
2025-11-03,16:34,19
2025-11-03,16:36,11
2025-11-03,16:38,13
2025-11-03,16:40,10
2025-11-03,16:43,7
2025-11-03,16:49,10
2025-11-03,17:00,12
2025-11-03,17:02,11
2025-11-03,17:03,71
2025-11-03,17:04,9
2025-11-03,17:05,21
2025-11-03,17:06,34
2025-11-03,17:08,3
2025-11-03,17:09,24
2025-11-03,17:10,1
2025-11-03,17:11,40
2025-11-03,17:12,20
2025-11-03,17:13,11
2025-11-03,17:20,57
2025-11-03,17:21,51
2025-11-03,17:22,16
2025-11-03,17:31,47
2025-11-03,17:32,9
2025-11-03,17:38,5
2025-11-03,17:39,6
2025-11-03,17:41,7
2025-11-03,17:42,6
2025-11-03,17:43,11
2025-11-03,17:51,44
2025-11-03,17:54,8
2025-11-03,17:55,3
2025-11-03,17:56,48
2025-11-03,17:57,32
2025-11-03,17:58,11
2025-11-03,17:59,15
2025-11-03,18:00,31
2025-11-03,18:01,10
2025-11-03,18:02,12
2025-11-03,18:03,27
2025-11-03,18:04,6
2025-11-03,18:06,36
2025-11-03,18:07,114
2025-11-03,18:08,71
2025-11-03,18:09,118
2025-11-03,18:10,74
2025-11-03,18:11,115
2025-11-03,18:12,118
2025-11-03,18:13,103
2025-11-03,18:14,95
2025-11-03,18:15,110
2025-11-03,18:16,84
2025-11-03,18:17,84
2025-11-03,18:18,106
2025-11-03,18:19,107
2025-11-03,18:20,116
2025-11-03,18:21,108
2025-11-03,18:22,92
2025-11-03,18:23,77
2025-11-03,18:24,73
2025-11-03,18:25,37
2025-11-03,18:26,90
2025-11-03,18:27,78
2025-11-03,18:28,40
2025-11-03,18:29,66
2025-11-03,18:30,77
2025-11-03,18:31,59
2025-11-03,18:32,26
2025-11-03,18:33,16
2025-11-03,19:48,23
2025-11-03,20:10,7
2025-11-03,20:12,30
2025-11-03,20:21,16
2025-11-03,20:22,18
2025-11-03,20:25,26
2025-11-03,20:27,26
2025-11-03,20:28,5
2025-11-03,20:29,6
2025-11-03,21:24,13
2025-11-03,21:25,19
2025-11-03,21:37,8
2025-11-03,21:39,6
2025-11-03,21:46,30
2025-11-03,21:47,40
2025-11-04,07:09,8
2025-11-04,07:10,45
2025-11-04,07:12,13
2025-11-04,07:13,5
2025-11-04,07:14,66
2025-11-04,07:15,53
2025-11-04,07:16,66
2025-11-04,07:17,57
2025-11-04,07:18,74
2025-11-04,07:19,12
2025-11-04,07:20,7
2025-11-04,07:21,87
2025-11-04,07:22,36
2025-11-04,07:23,29
2025-11-04,07:24,5
2025-11-04,07:26,34
2025-11-04,07:27,20
2025-11-04,07:28,35
2025-11-04,07:29,61
2025-11-04,07:30,68
2025-11-04,07:31,42
2025-11-04,07:32,44
2025-11-04,07:33,70
2025-11-04,07:34,78
2025-11-04,07:35,82
2025-11-04,07:36,53
2025-11-04,07:37,60
2025-11-04,07:38,60
2025-11-04,07:39,37
2025-11-04,07:40,61
2025-11-04,07:41,53
2025-11-04,07:42,44
2025-11-04,07:43,17
2025-11-04,07:44,95
2025-11-04,07:45,97
2025-11-04,07:46,36
2025-11-04,07:47,29
2025-11-04,07:48,5
2025-11-04,07:50,23
2025-11-04,07:51,29
2025-11-04,07:52,104
2025-11-04,07:53,94
2025-11-04,08:01,109
2025-11-04,08:03,125
2025-11-04,08:04,101
2025-11-04,08:05,23
2025-11-04,08:06,10
2025-11-04,08:17,60
2025-11-04,08:47,13
2025-11-04,09:07,57
2025-11-04,09:09,28
2025-11-04,09:10,8
2025-11-04,09:11,3
2025-11-04,09:13,40
2025-11-04,09:18,18
2025-11-04,09:20,20
2025-11-04,09:23,23
2025-11-04,09:24,53
2025-11-04,09:25,65
2025-11-04,10:17,6
2025-11-04,10:18,7
2025-11-04,10:19,9
2025-11-04,10:20,14
2025-11-04,10:21,10
2025-11-04,10:24,9
2025-11-04,11:20,17
2025-11-04,11:23,8
2025-11-04,11:33,11
2025-11-04,11:53,5
2025-11-04,11:54,1
2025-11-04,11:57,4
2025-11-04,11:58,6
2025-11-04,11:59,1
2025-11-04,12:11,33
2025-11-04,12:12,16
2025-11-04,12:16,6
2025-11-04,12:17,49
2025-11-04,12:18,34
2025-11-04,12:19,9
2025-11-04,12:27,6
2025-11-04,12:30,17
2025-11-04,12:31,24
2025-11-04,12:32,9
2025-11-04,13:01,15
2025-11-04,13:02,76
2025-11-04,14:09,8
2025-11-04,14:25,42
2025-11-04,14:26,13
2025-11-04,14:27,63
2025-11-04,14:31,14
2025-11-04,14:32,6
2025-11-04,14:35,8
2025-11-04,14:37,13
2025-11-04,14:46,17
2025-11-04,14:54,16
2025-11-04,15:03,8
2025-11-04,15:06,13
2025-11-04,15:12,10
2025-11-04,15:14,14
2025-11-04,15:15,7
2025-11-04,15:17,14
2025-11-04,15:24,11
2025-11-04,15:26,9
2025-11-04,15:28,7
2025-11-04,15:29,11
2025-11-04,15:32,11
2025-11-04,15:39,17
2025-11-04,15:45,10
2025-11-04,15:53,12
2025-11-04,15:58,18
2025-11-04,16:00,24
2025-11-04,16:03,11
2025-11-04,16:06,15
2025-11-04,16:09,14
2025-11-04,16:15,11
2025-11-04,16:45,9
2025-11-04,16:46,26
2025-11-04,16:47,1
2025-11-04,17:14,72
2025-11-04,17:15,94
2025-11-04,17:16,1
2025-11-04,17:19,8
2025-11-04,17:21,40
2025-11-04,17:22,7
2025-11-04,17:24,7
2025-11-04,17:28,33
2025-11-04,17:38,66
2025-11-04,17:40,27
2025-11-04,17:41,24
2025-11-04,17:42,8
2025-11-04,17:43,12
2025-11-04,17:54,44
2025-11-04,17:55,6
2025-11-04,17:58,14
2025-11-04,18:05,19
2025-11-04,18:06,18
2025-11-04,18:07,8
2025-11-04,18:08,22
2025-11-04,18:09,10
2025-11-04,18:37,7
2025-11-04,18:38,34
2025-11-04,18:39,5
2025-11-04,18:40,27
2025-11-04,18:41,45
2025-11-04,18:42,114
2025-11-04,18:43,110
2025-11-04,18:44,84
2025-11-04,18:45,94
2025-11-04,18:46,44
2025-11-04,18:47,102
2025-11-04,18:48,93
2025-11-04,18:49,86
2025-11-04,18:50,60
2025-11-04,18:51,75
2025-11-04,18:52,105
2025-11-04,18:53,62
2025-11-04,18:54,86
2025-11-04,18:55,57
2025-11-04,18:56,21
2025-11-04,18:57,8
2025-11-04,19:07,26
2025-11-04,19:49,22
2025-11-04,19:50,49
2025-11-04,19:51,28
2025-11-04,20:29,28
2025-11-04,20:30,12
2025-11-04,20:31,32
2025-11-04,20:32,59
2025-11-04,20:34,52
2025-11-04,20:35,103
2025-11-04,20:36,3
2025-11-04,20:39,51
2025-11-04,21:33,9
2025-11-04,21:37,5
2025-11-04,21:43,8
2025-11-05,03:50,10
2025-11-05,04:04,16
2025-11-05,05:37,10
2025-11-05,05:40,52
2025-11-05,05:41,48
2025-11-05,06:13,13
2025-11-05,06:14,54
2025-11-05,06:15,29
2025-11-05,06:16,59
2025-11-05,07:07,40
2025-11-05,07:10,26
2025-11-05,07:11,44
2025-11-05,07:12,17
2025-11-05,07:13,16
2025-11-05,07:14,16
2025-11-05,07:15,43
2025-11-05,07:16,71
2025-11-05,07:19,36
2025-11-05,07:20,22
2025-11-05,07:21,51
2025-11-05,07:22,26
2025-11-05,07:23,108
2025-11-05,07:24,43
2025-11-05,07:25,80
2025-11-05,07:26,44
2025-11-05,07:27,52
2025-11-05,07:28,60
2025-11-05,07:29,93
2025-11-05,07:30,41
2025-11-05,07:31,40
2025-11-05,07:32,56
2025-11-05,07:33,42
2025-11-05,07:34,84
2025-11-05,07:35,37
2025-11-05,07:36,8
2025-11-05,07:37,107
2025-11-05,07:44,110
2025-11-05,07:45,100
2025-11-05,07:46,21
2025-11-05,07:49,22
2025-11-05,07:50,50
2025-11-05,08:01,24
2025-11-05,08:02,20
2025-11-05,08:33,27
2025-11-05,08:34,26
2025-11-05,08:43,23
2025-11-05,08:44,79
2025-11-05,08:45,14
2025-11-05,09:05,34
2025-11-05,09:06,15
2025-11-05,09:11,50
2025-11-05,09:15,8
2025-11-05,09:25,8
2025-11-05,09:26,9
2025-11-05,09:30,8
2025-11-05,09:58,8
2025-11-05,10:10,41
2025-11-05,10:11,10
2025-11-05,10:12,1
2025-11-05,10:13,12
2025-11-05,10:15,11
2025-11-05,10:42,6
2025-11-05,11:29,35
2025-11-05,11:30,52
2025-11-05,11:36,53
2025-11-05,11:38,10
2025-11-05,11:39,64
2025-11-05,11:40,9
2025-11-05,11:41,51
2025-11-05,11:42,5
2025-11-05,11:43,14
2025-11-05,11:53,22
2025-11-05,11:54,67
2025-11-05,12:46,8
2025-11-05,12:47,7
2025-11-05,13:08,56
2025-11-05,13:09,20
2025-11-05,13:20,14
2025-11-05,13:33,13
2025-11-05,13:34,11
2025-11-05,13:40,12
2025-11-05,13:46,25
2025-11-05,13:49,3
2025-11-05,13:51,11
2025-11-05,13:52,10
2025-11-05,13:56,15
2025-11-05,14:06,15
2025-11-05,14:07,4
2025-11-05,14:08,10
2025-11-05,14:09,21
2025-11-05,14:17,5
2025-11-05,14:19,19
2025-11-05,14:21,9
2025-11-05,14:22,12
2025-11-05,14:25,9
2025-11-05,14:39,19
2025-11-05,14:47,9
2025-11-05,14:57,10
2025-11-05,14:58,8
2025-11-05,15:10,36
2025-11-05,15:11,30
2025-11-05,15:12,26
2025-11-05,15:16,33
2025-11-05,15:17,31
2025-11-05,15:18,44
2025-11-05,15:19,40
2025-11-05,15:20,38
2025-11-05,15:21,1
2025-11-05,15:41,5
2025-11-05,15:44,13
2025-11-05,15:54,14
2025-11-05,16:07,8
2025-11-05,16:11,10
2025-11-05,16:18,5
2025-11-05,16:31,10
2025-11-05,16:32,8
2025-11-05,16:36,11
2025-11-05,16:40,15
2025-11-05,16:51,55
2025-11-05,16:52,6
2025-11-05,16:53,13
2025-11-05,16:57,8
2025-11-05,16:58,28
2025-11-05,17:03,28
2025-11-05,17:04,7
2025-11-05,17:05,34
2025-11-05,17:06,11
2025-11-05,17:08,15
2025-11-05,17:10,16
2025-11-05,17:12,13
2025-11-05,17:14,23
2025-11-05,17:15,64
2025-11-05,17:16,47
2025-11-05,17:17,34
2025-11-05,17:18,21
2025-11-05,17:20,18
2025-11-05,17:21,90
2025-11-05,17:22,59
2025-11-05,17:23,41
2025-11-05,17:24,35
2025-11-05,17:26,22
2025-11-05,17:27,9
2025-11-05,17:33,44
2025-11-05,17:34,43
2025-11-05,17:46,12
2025-11-05,17:47,6
2025-11-05,17:48,16
2025-11-05,17:49,26
2025-11-05,17:50,6
2025-11-05,17:51,47
2025-11-05,17:52,72
2025-11-05,17:53,63
2025-11-05,17:54,51
2025-11-05,17:55,42
2025-11-05,17:56,79
2025-11-05,17:57,87
2025-11-05,17:58,113
2025-11-05,17:59,57
2025-11-05,18:00,111
2025-11-05,18:01,114
2025-11-05,18:02,109
2025-11-05,18:03,111
2025-11-05,18:04,112
2025-11-05,18:05,108
2025-11-05,18:06,96
2025-11-05,18:07,67
2025-11-05,18:08,112
2025-11-05,18:09,98
2025-11-05,18:10,88
2025-11-05,18:11,37
2025-11-05,18:12,6
2025-11-05,18:13,5
2025-11-05,18:14,16
2025-11-05,18:15,33
2025-11-05,18:16,60
2025-11-05,18:17,24
2025-11-05,18:31,18
2025-11-05,18:32,4
2025-11-05,18:37,8
2025-11-05,18:43,11
2025-11-05,18:44,10
2025-11-05,18:49,11
2025-11-05,18:51,23
2025-11-05,18:52,10
2025-11-05,18:55,36
2025-11-05,18:56,41
2025-11-05,18:57,18
2025-11-05,18:58,29
2025-11-05,18:59,39
2025-11-05,19:02,43
2025-11-05,19:03,28
2025-11-05,19:04,17
2025-11-05,19:05,71
2025-11-05,19:06,74
2025-11-05,19:08,55
2025-11-05,19:09,12
2025-11-05,19:10,19
2025-11-05,19:11,37
2025-11-05,19:12,92
2025-11-05,19:13,75
2025-11-05,19:14,44
2025-11-05,19:15,24
2025-11-05,19:17,16
2025-11-05,19:18,7
2025-11-05,20:29,17
2025-11-05,20:30,19
2025-11-05,20:31,15
2025-11-05,20:46,46
2025-11-05,20:47,5
2025-11-05,20:48,19
2025-11-05,20:49,54
2025-11-05,20:50,28
2025-11-05,20:52,10
2025-11-05,20:53,30
2025-11-05,21:21,75
2025-11-05,21:22,1
2025-11-06,07:06,24
2025-11-06,07:07,43
2025-11-06,07:08,71
2025-11-06,07:09,51
2025-11-06,07:10,24
2025-11-06,07:11,62
2025-11-06,07:12,95
2025-11-06,07:13,94
2025-11-06,07:14,85
2025-11-06,07:15,71
2025-11-06,07:16,83
2025-11-06,07:17,99
2025-11-06,07:18,100
2025-11-06,07:19,99
2025-11-06,07:20,102
2025-11-06,07:21,73
2025-11-06,07:22,103
2025-11-06,07:23,100
2025-11-06,07:24,98
2025-11-06,07:25,98
2025-11-06,07:26,92
2025-11-06,07:27,99
2025-11-06,07:28,97
2025-11-06,07:29,97
2025-11-06,07:30,96
2025-11-06,07:31,97
2025-11-06,07:32,99
2025-11-06,07:33,100
2025-11-06,07:34,94
2025-11-06,07:35,99
2025-11-06,07:36,100
2025-11-06,07:37,99
2025-11-06,07:38,100
2025-11-06,07:39,91
2025-11-06,07:40,96
2025-11-06,07:41,76
2025-11-06,07:49,79
2025-11-06,07:50,18
2025-11-06,08:10,47
2025-11-06,08:33,5
2025-11-06,08:35,10
2025-11-06,08:36,38
2025-11-06,09:16,35
2025-11-06,09:17,48
2025-11-06,09:23,94
2025-11-06,09:24,1
2025-11-06,09:25,41
2025-11-06,09:30,22
2025-11-06,09:31,78
2025-11-06,09:32,37
2025-11-06,09:54,79
2025-11-06,09:55,18
2025-11-06,09:58,39
2025-11-06,09:59,19
2025-11-06,10:42,8
2025-11-06,10:47,6
2025-11-06,11:48,29
2025-11-06,11:50,12
2025-11-06,11:53,9
2025-11-06,11:55,21
2025-11-06,11:56,3
2025-11-06,11:57,7
2025-11-06,11:58,18
2025-11-06,12:30,32
2025-11-06,12:31,6
2025-11-06,12:32,39
2025-11-06,12:33,49
2025-11-06,12:34,40
2025-11-06,12:36,18
2025-11-06,12:37,17
2025-11-06,12:44,9
2025-11-06,12:46,6
2025-11-06,12:47,7
2025-11-06,13:02,21
2025-11-06,13:03,12
2025-11-06,13:04,87
2025-11-06,13:05,19
2025-11-06,13:06,16
2025-11-06,13:07,6
2025-11-06,13:09,39
2025-11-06,13:27,21
2025-11-06,13:45,34
2025-11-06,13:46,8
2025-11-06,13:47,15
2025-11-06,13:48,15
2025-11-06,13:55,7
2025-11-06,14:19,18
2025-11-06,14:20,34
2025-11-06,14:22,49
2025-11-06,14:33,14
2025-11-06,14:41,18
2025-11-06,14:47,16
2025-11-06,14:48,22
2025-11-06,14:49,24
2025-11-06,14:51,6
2025-11-06,14:52,82
2025-11-06,14:53,11
2025-11-06,15:01,5
2025-11-06,15:05,8
2025-11-06,15:10,7
2025-11-06,15:13,7
2025-11-06,15:14,12
2025-11-06,15:24,7
2025-11-06,15:28,6
2025-11-06,15:45,13
2025-11-06,15:50,16
2025-11-06,15:52,10
2025-11-06,15:55,10
2025-11-06,16:02,8
2025-11-06,16:03,1
2025-11-06,16:04,17
2025-11-06,16:19,11
2025-11-06,16:32,8
2025-11-06,16:49,67
2025-11-06,16:51,19
2025-11-06,16:52,5
2025-11-06,16:53,12
2025-11-06,16:54,46
2025-11-06,16:55,6
2025-11-06,16:56,21
2025-11-06,16:57,22
2025-11-06,16:58,63
2025-11-06,17:01,10
2025-11-06,17:03,3
2025-11-06,17:04,20
2025-11-06,17:07,30
2025-11-06,17:17,31
2025-11-06,17:18,7
2025-11-06,17:21,28
2025-11-06,17:22,3
2025-11-06,17:23,18
2025-11-06,17:24,3
2025-11-06,17:25,33
2025-11-06,17:26,73
2025-11-06,17:29,53
2025-11-06,17:30,79
2025-11-06,17:31,29
2025-11-06,17:33,44
2025-11-06,17:34,16
2025-11-06,17:43,15
2025-11-06,17:44,29
2025-11-06,17:45,42
2025-11-06,17:46,55
2025-11-06,17:47,5
2025-11-06,17:48,30
2025-11-06,17:49,31
2025-11-06,17:50,11
2025-11-06,17:51,19
2025-11-06,17:52,32
2025-11-06,17:53,36
2025-11-06,17:54,14
2025-11-06,17:56,58
2025-11-06,17:57,105
2025-11-06,17:58,113
2025-11-06,17:59,93
2025-11-06,18:00,100
2025-11-06,18:01,100
2025-11-06,18:02,116
2025-11-06,18:03,111
2025-11-06,18:04,109
2025-11-06,18:05,75
2025-11-06,18:06,86
2025-11-06,18:07,58
2025-11-06,18:08,99
2025-11-06,18:09,93
2025-11-06,18:10,69
2025-11-06,18:11,56
2025-11-06,18:12,45
2025-11-06,18:13,22
2025-11-06,18:17,6
2025-11-06,19:14,45
2025-11-06,19:59,35
2025-11-06,20:00,12
2025-11-06,20:14,20
2025-11-06,20:44,21
2025-11-06,20:45,21
2025-11-06,20:46,17
2025-11-06,20:47,11
2025-11-06,20:48,22
2025-11-07,06:59,10
2025-11-07,07:00,56
2025-11-07,07:05,11
2025-11-07,07:06,56
2025-11-07,07:08,77
2025-11-07,07:09,43
2025-11-07,07:10,21
2025-11-07,07:11,24
2025-11-07,07:12,62
2025-11-07,07:13,76
2025-11-07,07:14,46
2025-11-07,07:16,16
2025-11-07,07:17,60
2025-11-07,07:18,100
2025-11-07,07:19,64
2025-11-07,07:22,40
2025-11-07,07:23,60
2025-11-07,07:24,50
2025-11-07,07:25,55
2025-11-07,07:26,70
2025-11-07,07:27,63
2025-11-07,07:28,49
2025-11-07,07:29,33
2025-11-07,07:30,43
2025-11-07,07:31,8
2025-11-07,07:32,41
2025-11-07,07:33,49
2025-11-07,07:34,10
2025-11-07,07:35,46
2025-11-07,07:43,109
2025-11-07,07:44,107
2025-11-07,07:45,55
2025-11-07,07:48,54
2025-11-07,07:49,40
2025-11-07,08:01,8
2025-11-07,08:03,55
2025-11-07,08:04,8
2025-11-07,08:22,16
2025-11-07,08:23,20
2025-11-07,08:24,17
2025-11-07,08:25,7
2025-11-07,08:27,7
2025-11-07,08:30,33
2025-11-07,08:31,5
2025-11-07,08:51,21
2025-11-07,08:52,61
2025-11-07,08:53,13
2025-11-07,09:05,19
2025-11-07,09:22,81
2025-11-07,09:23,20
2025-11-07,09:25,20
2025-11-07,09:53,21
2025-11-07,09:54,38
2025-11-07,10:00,6
2025-11-07,10:03,6
2025-11-07,10:12,3
2025-11-07,10:34,7
2025-11-07,10:36,8
2025-11-07,10:43,9
2025-11-07,10:48,20
2025-11-07,10:49,19
2025-11-07,10:50,11
2025-11-07,10:51,1
2025-11-07,10:57,28
2025-11-07,10:58,14
2025-11-07,10:59,1
2025-11-07,11:00,13
2025-11-07,11:02,8
2025-11-07,11:03,9
2025-11-07,11:10,32
2025-11-07,11:11,10
2025-11-07,11:12,12
2025-11-07,11:14,6
2025-11-07,11:16,23
2025-11-07,11:24,15
2025-11-07,11:25,3
2025-11-07,11:27,6
2025-11-07,11:28,3
2025-11-07,11:29,14
2025-11-07,11:30,12
2025-11-07,11:44,11
2025-11-07,11:47,15
2025-11-07,11:59,11
2025-11-07,12:01,4
2025-11-07,12:31,7
2025-11-07,12:52,28
2025-11-07,12:53,61
2025-11-07,12:54,7
2025-11-07,13:07,14
2025-11-07,13:08,13
2025-11-07,13:14,5
2025-11-07,13:15,33
2025-11-07,13:17,8
2025-11-07,13:18,28
2025-11-07,13:19,47
2025-11-07,13:20,46
2025-11-07,13:21,30
2025-11-07,13:36,13
2025-11-07,13:41,15
2025-11-07,13:42,1
2025-11-07,13:44,39
2025-11-07,13:45,16
2025-11-07,14:01,20
2025-11-07,14:20,14
2025-11-07,14:22,7
2025-11-07,14:23,4
2025-11-07,14:26,10
2025-11-07,14:32,7
2025-11-07,14:36,10
2025-11-07,14:38,12
2025-11-07,14:44,17
2025-11-07,14:46,9
2025-11-07,14:47,3
2025-11-07,14:57,9
2025-11-07,14:59,18
2025-11-07,15:00,3
2025-11-07,15:01,6
2025-11-07,15:03,8
2025-11-07,15:04,7
2025-11-07,15:05,1
2025-11-07,15:07,12
2025-11-07,15:08,1
2025-11-07,15:15,12
2025-11-07,15:25,14
2025-11-07,15:26,9
2025-11-07,15:27,7
2025-11-07,15:36,10
2025-11-07,15:52,13
2025-11-07,15:57,5
2025-11-07,16:02,7
2025-11-07,16:04,8
2025-11-07,16:05,4
2025-11-07,16:07,5
2025-11-07,16:08,33
2025-11-07,16:09,15
2025-11-07,16:16,14
2025-11-07,16:17,46
2025-11-07,16:18,62
2025-11-07,16:19,1
2025-11-07,16:37,50
2025-11-07,16:38,81
2025-11-07,16:39,2
2025-11-07,17:17,20
2025-11-07,17:19,5
2025-11-07,17:20,80
2025-11-07,17:21,1
2025-11-07,17:22,28
2025-11-07,17:24,39
2025-11-07,17:32,32
2025-11-07,17:34,14
2025-11-07,17:35,31
2025-11-07,17:36,18
2025-11-07,17:37,21
2025-11-07,17:38,54
2025-11-07,17:47,20
2025-11-07,17:48,1
2025-11-07,17:49,10
2025-11-07,17:51,7
2025-11-07,17:54,9
2025-11-07,17:56,22
2025-11-07,17:57,7
2025-11-07,18:10,10
2025-11-07,18:11,18
2025-11-07,18:12,80
2025-11-07,18:13,18
2025-11-07,18:14,22
2025-11-07,18:15,6
2025-11-07,18:16,45
2025-11-07,18:17,87
2025-11-07,18:18,80
2025-11-07,18:19,77
2025-11-07,18:20,93
2025-11-07,18:21,78
2025-11-07,18:22,114
2025-11-07,18:23,106
2025-11-07,18:24,45
2025-11-07,18:25,75
2025-11-07,18:26,99
2025-11-07,18:27,81
2025-11-07,18:28,82
2025-11-07,18:29,30
2025-11-07,18:30,38
2025-11-07,18:31,34
2025-11-07,18:33,32
2025-11-07,18:34,21
2025-11-07,18:35,1
2025-11-07,18:36,34
2025-11-07,18:37,28
2025-11-07,19:01,49
2025-11-07,19:22,32
2025-11-07,19:23,16
2025-11-07,19:30,9
2025-11-07,20:52,9
2025-11-07,20:53,57
2025-11-07,20:54,17
2025-11-07,20:55,6
2025-11-07,21:03,14
2025-11-07,21:04,61
2025-11-07,21:05,41
2025-11-07,21:08,20
2025-11-07,21:09,100
2025-11-07,21:10,43
2025-11-07,23:29,6
2025-11-07,23:30,10
2025-11-07,23:31,37
2025-11-07,23:32,59
2025-11-07,23:33,2
2025-11-08,10:45,15
2025-11-08,10:46,27
2025-11-08,10:48,49
2025-11-08,10:49,60
2025-11-08,10:50,56
2025-11-08,11:04,13
2025-11-08,11:05,26
2025-11-08,11:06,28
2025-11-08,11:07,46
2025-11-08,11:08,79
2025-11-08,11:09,39
2025-11-08,11:10,39
2025-11-08,11:11,101
2025-11-08,11:12,46
2025-11-08,11:13,82
2025-11-08,11:14,59
2025-11-08,11:15,62
2025-11-08,11:16,41
2025-11-08,11:17,14
2025-11-08,11:18,19
2025-11-08,11:19,29
2025-11-08,11:20,7
2025-11-08,11:21,61
2025-11-08,11:22,88
2025-11-08,11:23,83
2025-11-08,11:24,88
2025-11-08,11:25,86
2025-11-08,11:26,87
2025-11-08,11:27,94
2025-11-08,11:28,95
2025-11-08,11:29,98
2025-11-08,11:30,99
2025-11-08,11:31,55
2025-11-08,11:32,24
2025-11-08,11:33,39
2025-11-08,11:35,41
2025-11-08,11:46,15
2025-11-08,11:49,57
2025-11-08,11:50,11
2025-11-08,11:51,13
2025-11-08,12:06,19
2025-11-08,12:07,13
2025-11-08,12:08,4
2025-11-08,12:20,30
2025-11-08,12:28,5
2025-11-08,12:29,17
2025-11-08,12:32,39
2025-11-08,12:33,1
2025-11-08,12:37,16
2025-11-08,12:38,22
2025-11-08,12:39,23
2025-11-08,12:41,18
2025-11-08,12:43,20
2025-11-08,12:47,29
2025-11-08,12:52,9
2025-11-08,12:53,28
2025-11-08,12:58,27
2025-11-08,13:01,8
2025-11-08,13:02,59
2025-11-08,13:04,14
2025-11-08,13:46,8
2025-11-08,13:51,17
2025-11-08,13:52,47
2025-11-08,13:53,1
2025-11-08,13:57,14
2025-11-08,13:58,9
2025-11-08,14:05,5
2025-11-08,14:06,36
2025-11-08,14:07,26
2025-11-08,14:13,6
2025-11-08,14:41,46
2025-11-08,14:42,61
2025-11-08,14:43,32
2025-11-08,14:44,15
2025-11-08,14:46,15
2025-11-08,14:47,69
2025-11-08,14:49,7
2025-11-08,14:51,10
2025-11-08,14:52,13
2025-11-08,15:17,15
2025-11-08,15:20,4
2025-11-08,15:21,74
2025-11-08,15:22,57
2025-11-08,15:23,46
2025-11-08,15:24,21
2025-11-08,15:26,18
2025-11-08,15:29,17
2025-11-08,15:30,12
2025-11-08,15:43,11
2025-11-08,15:44,75
2025-11-08,15:45,1
2025-11-08,16:04,37
2025-11-08,16:08,9
2025-11-08,16:09,21
2025-11-08,16:15,7
2025-11-08,16:17,23
2025-11-08,16:18,23
2025-11-08,16:31,6
2025-11-08,16:32,7
2025-11-08,16:34,16
2025-11-08,16:36,8
2025-11-08,16:43,16
2025-11-08,16:50,12
2025-11-08,16:51,15
2025-11-08,16:52,13
2025-11-08,16:53,5
2025-11-08,16:54,7
2025-11-08,17:12,5
2025-11-08,17:13,43
2025-11-08,17:14,13
2025-11-08,17:15,11
2025-11-08,17:26,12
2025-11-08,17:37,13
2025-11-08,18:01,25
2025-11-08,18:03,29
2025-11-08,18:04,12
2025-11-08,18:06,6
2025-11-08,18:14,5
2025-11-08,18:57,6
2025-11-08,19:03,8
2025-11-08,19:04,28
2025-11-08,19:07,3
2025-11-08,19:08,28
2025-11-08,19:59,6
2025-11-08,20:00,10
2025-11-08,20:01,69
2025-11-08,20:02,14
2025-11-08,20:03,42
2025-11-08,20:04,5
2025-11-08,20:08,6
2025-11-08,20:12,27
2025-11-08,20:21,15
2025-11-08,20:22,13
2025-11-08,20:23,63
2025-11-08,20:24,30
2025-11-08,20:25,93
2025-11-08,20:26,77
2025-11-08,20:27,77
2025-11-08,20:28,94
2025-11-08,20:29,93
2025-11-08,20:30,88
2025-11-08,20:31,83
2025-11-08,20:32,92
2025-11-08,20:33,89
2025-11-08,20:34,89
2025-11-08,20:35,92
2025-11-08,20:36,89
2025-11-08,20:37,90
2025-11-08,20:38,81
2025-11-08,20:39,93
2025-11-08,20:40,77
2025-11-08,20:41,92
2025-11-08,20:42,91
2025-11-08,20:43,91
2025-11-08,20:44,92
2025-11-08,20:45,99
2025-11-08,20:46,104
2025-11-08,20:47,99
2025-11-08,20:48,103
2025-11-08,20:49,103
2025-11-08,20:50,102
2025-11-08,20:51,102
2025-11-08,20:52,102
2025-11-08,20:53,12
2025-11-08,20:54,10
2025-11-08,20:58,40
2025-11-08,20:59,42
2025-11-08,21:01,9
2025-11-08,21:23,10
2025-11-08,21:24,43
2025-11-08,21:25,15
2025-11-08,21:27,6
2025-11-08,21:30,26
2025-11-08,21:31,78
2025-11-08,21:32,53
2025-11-08,21:34,22
2025-11-08,21:35,10
2025-11-08,21:41,17
2025-11-08,21:42,43
2025-11-08,21:44,29
2025-11-08,21:45,41
2025-11-08,21:46,36
2025-11-08,21:47,12
2025-11-08,21:55,23
2025-11-08,22:47,11
2025-11-08,23:14,7
2025-11-08,23:33,42
2025-11-08,23:34,39
2025-11-08,23:38,6
2025-11-09,06:23,19
2025-11-09,06:25,59
2025-11-09,06:26,4
2025-11-09,06:29,21
2025-11-09,06:31,29
2025-11-09,07:12,7
2025-11-09,07:13,37
2025-11-09,07:14,13
2025-11-09,07:15,39
2025-11-09,07:16,30
2025-11-09,07:17,52
2025-11-09,07:18,31
2025-11-09,07:19,9
2025-11-09,08:31,8
2025-11-09,08:32,38
2025-11-09,08:33,14
2025-11-09,08:34,31
2025-11-09,08:35,8
2025-11-09,08:38,19
2025-11-09,08:39,102
2025-11-09,08:40,38
2025-11-09,08:41,79
2025-11-09,08:42,17
2025-11-09,08:43,8
2025-11-09,08:44,17
2025-11-09,08:45,1
2025-11-09,09:01,8
2025-11-09,09:02,21
2025-11-09,09:03,45
2025-11-09,09:04,4
2025-11-09,09:06,25
2025-11-09,09:07,34
2025-11-09,09:08,4
2025-11-09,09:35,31
2025-11-09,09:36,18
2025-11-09,09:37,15
2025-11-09,09:38,23
2025-11-09,09:39,75
2025-11-09,09:40,10
2025-11-09,09:45,23
2025-11-09,09:46,2
2025-11-09,09:47,12
2025-11-09,09:50,50
2025-11-09,09:51,54
2025-11-09,09:52,41
2025-11-09,09:53,77
2025-11-09,09:54,32
2025-11-09,09:58,18
2025-11-09,09:59,69
2025-11-09,10:00,34
2025-11-09,10:11,8
2025-11-09,10:17,19
2025-11-09,10:39,12
2025-11-09,10:40,29
2025-11-09,11:21,61
2025-11-09,11:22,39
2025-11-09,11:31,37
2025-11-09,11:36,15
2025-11-09,11:37,15
2025-11-09,11:39,20
2025-11-09,11:44,19
2025-11-09,11:45,99
2025-11-09,11:46,27
2025-11-09,11:47,9
2025-11-09,11:48,87
2025-11-09,11:49,122
2025-11-09,11:50,84
2025-11-09,11:51,46
2025-11-09,11:52,104
2025-11-09,11:53,107
2025-11-09,11:54,117
2025-11-09,11:55,119
2025-11-09,11:56,113
2025-11-09,11:57,93
2025-11-09,11:58,115
2025-11-09,11:59,98
2025-11-09,12:00,118
2025-11-09,12:01,98
2025-11-09,12:02,84
2025-11-09,12:03,111
2025-11-09,12:04,98
2025-11-09,12:05,14
2025-11-09,12:06,67
2025-11-09,12:07,3
2025-11-09,12:08,31
2025-11-09,12:09,29
2025-11-09,12:10,1
2025-11-09,12:16,29
2025-11-09,12:17,14
2025-11-09,12:18,17
2025-11-09,12:21,20
2025-11-09,12:24,10
2025-11-09,12:25,21
2025-11-09,12:29,9
2025-11-09,12:30,21
2025-11-09,12:32,84
2025-11-09,12:33,91
2025-11-09,12:34,67
2025-11-09,12:35,30
2025-11-09,12:36,10
2025-11-09,12:38,25
2025-11-09,12:44,35
2025-11-09,12:45,1
2025-11-09,12:57,6
2025-11-09,12:58,11
2025-11-09,13:57,12
2025-11-09,13:58,26
2025-11-09,13:59,1
2025-11-09,14:00,34
2025-11-09,14:01,11
2025-11-09,14:15,8
2025-11-09,14:35,26
2025-11-09,14:36,43
2025-11-09,14:45,21
2025-11-09,14:46,52
2025-11-09,14:47,62
2025-11-09,14:48,11
2025-11-09,14:49,6
2025-11-09,14:50,10
2025-11-09,14:56,16
2025-11-09,14:58,27
2025-11-09,15:00,8
2025-11-09,15:01,46
2025-11-09,15:02,29
2025-11-09,15:04,8
2025-11-09,15:10,58
2025-11-09,15:11,37
2025-11-09,15:14,16
2025-11-09,15:17,8
2025-11-09,15:26,5
2025-11-09,15:27,8
2025-11-09,15:30,16
2025-11-09,15:32,5
2025-11-09,15:44,15
2025-11-09,15:45,13
2025-11-09,16:09,19
2025-11-09,16:12,20
2025-11-09,16:14,36
2025-11-09,16:17,19
2025-11-09,16:18,1
2025-11-09,16:43,58
2025-11-09,16:44,26
2025-11-09,17:10,16
2025-11-09,17:13,11
2025-11-09,17:16,40
2025-11-09,17:19,13
2025-11-09,17:22,30
2025-11-09,17:23,22
2025-11-09,17:24,40
2025-11-09,17:25,32
2025-11-09,17:26,64
2025-11-09,17:37,61
2025-11-09,17:38,23
2025-11-09,17:39,8
2025-11-09,17:40,11
2025-11-09,17:42,7
2025-11-09,17:43,13
2025-11-09,17:52,13
2025-11-09,17:53,19
2025-11-09,17:54,7
2025-11-09,17:56,12
2025-11-09,17:58,45
2025-11-09,17:59,58
2025-11-09,18:00,8
2025-11-09,18:24,3
2025-11-09,18:35,15
2025-11-09,18:36,8
2025-11-09,19:17,13
2025-11-09,19:25,13
2025-11-09,19:26,14
2025-11-09,19:37,31
2025-11-09,19:40,39
2025-11-09,19:56,17
2025-11-09,19:57,22
2025-11-09,20:24,14
2025-11-09,20:29,17
2025-11-09,20:30,6
2025-11-09,20:31,24
2025-11-09,20:33,5
2025-11-09,20:34,5
2025-11-09,20:35,36
2025-11-09,20:39,5
2025-11-09,20:50,9
2025-11-09,21:14,31
2025-11-09,21:15,49
2025-11-09,21:16,38
2025-11-09,21:17,38
2025-11-09,21:18,94
2025-11-09,21:19,98
2025-11-09,21:20,112
2025-11-09,21:21,106
2025-11-09,21:22,111
2025-11-09,21:23,107
2025-11-09,21:24,93
2025-11-09,21:25,30
2025-11-09,21:26,100
2025-11-09,21:27,106
2025-11-09,21:28,27
2025-11-10,07:03,22
2025-11-10,07:04,57
2025-11-10,07:05,23
2025-11-10,07:06,20
2025-11-10,07:07,44
2025-11-10,07:08,53
2025-11-10,07:09,53
2025-11-10,07:10,36
2025-11-10,07:11,41
2025-11-10,07:12,67
2025-11-10,07:13,51
2025-11-10,07:14,57
2025-11-10,07:15,74
2025-11-10,07:16,28
2025-11-10,07:17,86
2025-11-10,07:18,12
2025-11-10,07:19,74
2025-11-10,07:21,86
2025-11-10,07:22,34
2025-11-10,07:23,48
2025-11-10,07:24,36
2025-11-10,07:25,53
2025-11-10,07:26,54
2025-11-10,07:27,51
2025-11-10,07:28,30
2025-11-10,07:29,49
2025-11-10,07:30,30
2025-11-10,07:31,29
2025-11-10,07:32,32
2025-11-10,07:34,28
2025-11-10,07:35,66
2025-11-10,07:36,101
2025-11-10,07:37,104
2025-11-10,07:38,99
2025-11-10,07:39,97
2025-11-10,07:40,102
2025-11-10,07:41,102
2025-11-10,07:42,97
2025-11-10,07:43,101
2025-11-10,07:44,108
2025-11-10,07:51,50
2025-11-10,07:52,87
2025-11-10,07:53,102
2025-11-10,07:54,59
2025-11-10,08:02,63
2025-11-10,08:03,1
2025-11-10,08:37,19
2025-11-10,08:38,27
2025-11-10,08:42,6
2025-11-10,08:44,5
2025-11-10,08:45,32
2025-11-10,08:46,16
2025-11-10,08:52,8
2025-11-10,08:53,44
2025-11-10,08:55,16
2025-11-10,09:14,9
2025-11-10,09:15,2
2025-11-10,09:50,18
2025-11-10,10:20,7
2025-11-10,10:22,8
2025-11-10,10:34,12
2025-11-10,10:35,10
2025-11-10,10:38,23
2025-11-10,10:45,10
2025-11-10,10:50,9
2025-11-10,10:51,8
2025-11-10,10:52,26
2025-11-10,10:53,7
2025-11-10,10:55,35
2025-11-10,11:09,29
2025-11-10,11:10,76
2025-11-10,11:11,63
2025-11-10,11:13,11
2025-11-10,11:14,15
2025-11-10,11:29,30
2025-11-10,11:30,70
2025-11-10,11:38,3
2025-11-10,11:42,13
2025-11-10,12:02,6
2025-11-10,12:06,8
2025-11-10,12:16,85
2025-11-10,12:23,8
2025-11-10,12:29,58
2025-11-10,12:30,58
2025-11-10,12:31,26
2025-11-10,12:47,10
2025-11-10,12:48,11
2025-11-10,12:54,47
2025-11-10,12:55,12
2025-11-10,12:56,7
2025-11-10,12:57,3
2025-11-10,13:00,13
2025-11-10,13:01,1
2025-11-10,14:30,74
2025-11-10,14:31,24
2025-11-10,14:35,22
2025-11-10,14:36,7
2025-11-10,14:39,13
2025-11-10,14:40,9
2025-11-10,14:43,20
2025-11-10,14:56,5
2025-11-10,15:02,9
2025-11-10,15:05,7
2025-11-10,15:19,29
2025-11-10,15:20,19
2025-11-10,15:22,9
2025-11-10,15:34,16
2025-11-10,15:35,15
2025-11-10,15:48,10
2025-11-10,15:59,60
2025-11-10,16:00,7
2025-11-10,16:05,10
2025-11-10,16:07,14
2025-11-10,16:09,43
2025-11-10,16:45,14
2025-11-10,17:04,7
2025-11-10,17:05,61
2025-11-10,17:06,20
2025-11-10,17:07,26
2025-11-10,17:08,23
2025-11-10,17:14,15
2025-11-10,17:15,11
2025-11-10,17:22,6
2025-11-10,17:23,27
2025-11-10,17:43,12
2025-11-10,17:44,42
2025-11-10,17:45,12
2025-11-10,17:46,8
2025-11-10,17:47,83
2025-11-10,17:48,125
2025-11-10,17:49,91
2025-11-10,17:50,28
2025-11-10,17:51,96
2025-11-10,17:52,122
2025-11-10,17:53,117
2025-11-10,17:54,110
2025-11-10,17:55,91
2025-11-10,17:56,108
2025-11-10,17:57,115
2025-11-10,17:58,93
2025-11-10,17:59,96
2025-11-10,18:00,34
2025-11-10,18:01,12
2025-11-10,18:02,14
2025-11-10,18:03,105
2025-11-10,18:04,35
2025-11-10,18:05,38
2025-11-10,18:10,8
2025-11-10,18:11,17
2025-11-10,18:13,22
2025-11-10,18:30,21
2025-11-10,18:31,50
2025-11-10,18:49,26
2025-11-10,19:29,27
2025-11-10,19:30,7
2025-11-10,19:31,29
2025-11-10,19:37,8
2025-11-10,19:38,6
2025-11-10,19:40,6
2025-11-10,19:41,7
2025-11-10,19:42,62
2025-11-10,20:12,55
2025-11-10,20:13,49
2025-11-10,20:14,15
2025-11-10,20:16,7
2025-11-10,20:17,61
2025-11-10,20:18,10
2025-11-10,20:19,24
2025-11-10,20:20,7
2025-11-10,20:23,62
2025-11-10,20:24,18
2025-11-10,20:25,19
2025-11-10,20:26,13
2025-11-10,20:31,9
2025-11-10,20:32,12
2025-11-10,20:40,11
2025-11-10,21:11,55
2025-11-10,21:42,13
2025-11-10,21:43,15
2025-11-10,21:54,41
2025-11-10,23:20,36
2025-11-10,23:21,64
2025-11-11,00:11,6
2025-11-11,00:12,13
2025-11-11,00:15,23
2025-11-11,00:16,12
2025-11-11,07:45,31
2025-11-11,07:46,101
2025-11-11,07:47,84
2025-11-11,07:48,86
2025-11-11,07:49,63
2025-11-11,07:50,32
2025-11-11,08:01,84
2025-11-11,08:02,62
2025-11-11,08:03,6
2025-11-11,08:04,40
2025-11-11,08:05,11
2025-11-11,08:06,66
2025-11-11,08:07,83
2025-11-11,08:08,63
2025-11-11,08:09,31
2025-11-11,08:10,89
2025-11-11,08:11,28
2025-11-11,08:12,68
2025-11-11,08:13,93
2025-11-11,08:14,91
2025-11-11,08:15,15
2025-11-11,08:16,78
2025-11-11,08:17,81
2025-11-11,08:18,75
2025-11-11,08:19,46
2025-11-11,08:20,46
2025-11-11,08:21,76
2025-11-11,08:22,8
2025-11-11,08:23,11
2025-11-11,08:24,1
2025-11-11,08:33,60
2025-11-11,08:34,34
2025-11-11,08:35,49
2025-11-11,08:36,15
2025-11-11,08:37,18
2025-11-11,08:40,12
2025-11-11,08:41,11
2025-11-11,08:42,67
2025-11-11,08:43,102
2025-11-11,08:44,48
2025-11-11,08:49,25
2025-11-11,08:50,12
2025-11-11,09:40,6
2025-11-11,09:41,42
2025-11-11,09:42,61
2025-11-11,09:43,50
2025-11-11,09:44,60
2025-11-11,09:45,68
2025-11-11,09:46,74
2025-11-11,09:49,8
2025-11-11,09:50,6
2025-11-11,09:51,13
2025-11-11,09:52,14
2025-11-11,09:53,13
2025-11-11,10:00,50
2025-11-11,10:01,7
2025-11-11,10:02,2
2025-11-11,10:03,33
2025-11-11,10:06,37
2025-11-11,10:07,63
2025-11-11,10:08,36
2025-11-11,10:09,3
2025-11-11,10:10,11
2025-11-11,10:11,1
2025-11-11,10:12,16
2025-11-11,10:13,14
2025-11-11,10:14,2
2025-11-11,10:15,19
2025-11-11,10:16,50
2025-11-11,10:17,35
2025-11-11,10:18,73
2025-11-11,10:19,45
2025-11-11,10:20,81
2025-11-11,10:21,33
2025-11-11,10:22,65
2025-11-11,10:23,39
2025-11-11,10:24,37
2025-11-11,10:28,31
2025-11-11,10:29,7
2025-11-11,10:30,6
2025-11-11,10:42,24
2025-11-11,10:43,6
2025-11-11,10:51,76
2025-11-11,10:52,28
2025-11-11,12:25,8
2025-11-11,12:26,15
2025-11-11,12:27,35
2025-11-11,12:28,42
2025-11-11,12:31,14
2025-11-11,12:40,9
2025-11-11,12:41,68
2025-11-11,12:42,5
2025-11-11,12:44,13
2025-11-11,12:45,44
2025-11-11,12:51,5
2025-11-11,12:53,6
2025-11-11,12:54,25
2025-11-11,12:55,58
2025-11-11,13:29,55
2025-11-11,13:30,9
2025-11-11,13:46,8
2025-11-11,13:54,67
2025-11-11,13:55,35
2025-11-11,14:24,6
2025-11-11,14:27,12
2025-11-11,14:45,10
2025-11-11,14:46,12
2025-11-11,14:55,11
2025-11-11,15:23,28
2025-11-11,15:25,7
2025-11-11,15:54,21
2025-11-11,15:55,57
2025-11-11,15:57,11
2025-11-11,16:13,37
2025-11-11,16:25,6
2025-11-11,16:26,4
2025-11-11,16:32,25
2025-11-11,16:33,7
2025-11-11,16:37,18
2025-11-11,16:39,8
2025-11-11,16:40,13
2025-11-11,16:41,8
2025-11-11,16:45,9
2025-11-11,16:49,24
2025-11-11,16:50,16
2025-11-11,16:54,12
2025-11-11,16:59,9
2025-11-11,17:00,7
2025-11-11,17:01,6
2025-11-11,17:02,13
2025-11-11,17:18,11
2025-11-11,17:19,5
2025-11-11,17:21,6
2025-11-11,17:22,61
2025-11-11,17:29,4
2025-11-11,17:34,5
2025-11-11,17:40,12
2025-11-11,17:41,53
2025-11-11,17:42,35
2025-11-11,17:43,14
2025-11-11,17:44,18
2025-11-11,17:48,7
2025-11-11,17:49,16
2025-11-11,17:50,21
2025-11-11,17:52,34
2025-11-11,17:53,26
2025-11-11,17:54,64
2025-11-11,18:04,30
2025-11-11,18:14,36
2025-11-11,18:15,28
2025-11-11,18:17,87
2025-11-11,18:18,79
2025-11-11,18:19,95
2025-11-11,18:20,82
2025-11-11,18:21,115
2025-11-11,18:22,56
2025-11-11,18:23,114
2025-11-11,18:24,69
2025-11-11,18:25,73
2025-11-11,18:26,79
2025-11-11,18:27,64
2025-11-11,18:29,11
2025-11-11,18:30,42
2025-11-11,18:31,49
2025-11-11,18:32,75
2025-11-11,18:33,121
2025-11-11,18:34,52
2025-11-11,18:35,51
2025-11-11,18:36,35
2025-11-11,18:37,20
2025-11-11,19:14,15
2025-11-11,19:15,4
2025-11-11,19:16,6
2025-11-11,19:17,8
2025-11-11,19:20,14
2025-11-11,19:21,7
2025-11-11,19:22,7
2025-11-11,19:25,12
2025-11-11,19:27,8
2025-11-11,19:28,8
2025-11-11,19:31,6
2025-11-11,19:34,6
2025-11-11,19:35,7
2025-11-11,19:36,32
2025-11-11,19:44,6
2025-11-11,19:45,20
2025-11-11,19:46,3
2025-11-11,19:54,10
2025-11-11,19:58,63
2025-11-11,20:02,7
2025-11-11,20:03,2
2025-11-11,20:10,8
2025-11-11,20:11,15
2025-11-11,20:12,13
2025-11-11,20:15,11
2025-11-11,20:16,1
2025-11-11,20:18,25
2025-11-11,20:21,6
2025-11-11,20:22,27
2025-11-11,20:25,42
2025-11-11,20:26,9
2025-11-11,20:29,9
2025-11-11,20:30,36
2025-11-11,20:31,35
2025-11-11,20:32,27
2025-11-11,20:38,55
2025-11-11,20:39,97
2025-11-11,20:40,41
2025-11-11,21:06,10
2025-11-11,21:13,25
2025-11-11,22:03,10
2025-11-11,22:09,17
2025-11-11,22:13,39
2025-11-11,22:15,12
2025-11-11,22:16,12
2025-11-11,22:20,32
2025-11-11,22:26,22
2025-11-11,22:47,19
2025-11-11,22:52,33
2025-11-11,22:57,23
2025-11-11,23:02,32
2025-11-11,23:06,16
2025-11-11,23:13,45
2025-11-11,23:24,27
2025-11-11,23:25,48
2025-11-11,23:26,41
2025-11-11,23:33,17
2025-11-11,23:39,28
2025-11-11,23:40,2
2025-11-12,00:15,38
2025-11-12,00:17,14
2025-11-12,00:18,50
2025-11-12,00:22,5
2025-11-12,00:23,20
2025-11-12,01:52,7
2025-11-12,06:01,6
2025-11-12,06:25,9
2025-11-12,06:26,12
2025-11-12,06:29,37
2025-11-12,06:51,38
2025-11-12,07:08,54
2025-11-12,07:09,41
2025-11-12,07:10,24
2025-11-12,07:11,5
2025-11-12,07:20,14
2025-11-12,07:21,83
2025-11-12,07:22,67
2025-11-12,07:23,101
2025-11-12,07:24,98
2025-11-12,07:25,99
2025-11-12,07:26,92
2025-11-12,07:27,101
2025-11-12,07:28,83
2025-11-12,07:29,103
2025-11-12,07:30,98
2025-11-12,07:31,98
2025-11-12,07:32,98
2025-11-12,07:33,96
2025-11-12,07:34,95
2025-11-12,07:35,94
2025-11-12,07:36,93
2025-11-12,07:37,96
2025-11-12,07:38,99
2025-11-12,07:39,96
2025-11-12,07:40,98
2025-11-12,07:41,96
2025-11-12,07:42,97
2025-11-12,07:43,97
2025-11-12,07:44,97
2025-11-12,07:45,103
2025-11-12,07:46,92
2025-11-12,07:47,98
2025-11-12,07:48,99
2025-11-12,07:49,95
2025-11-12,07:50,96
2025-11-12,07:51,95
2025-11-12,07:52,26
2025-11-12,07:53,5
2025-11-12,07:54,6
2025-11-12,07:56,56
2025-11-12,07:57,44
2025-11-12,07:58,33
2025-11-12,07:59,110
2025-11-12,08:00,27
2025-11-12,08:01,28
2025-11-12,08:02,29
2025-11-12,09:09,5
2025-11-12,09:23,10
2025-11-12,09:24,25
2025-11-12,09:25,36
2025-11-12,09:26,39
2025-11-12,09:27,31
2025-11-12,09:28,8
2025-11-12,09:29,39
2025-11-12,09:30,55
2025-11-12,09:31,40
2025-11-12,09:34,46
2025-11-12,09:35,61
2025-11-12,09:36,12
2025-11-12,09:38,3
2025-11-12,09:39,67
2025-11-12,09:42,15
2025-11-12,09:51,3
2025-11-12,09:57,18
2025-11-12,11:20,4
2025-11-12,12:10,11
2025-11-12,12:12,18
2025-11-12,12:13,29
2025-11-12,12:14,102
2025-11-12,12:15,6
2025-11-12,12:16,12
2025-11-12,12:17,44
2025-11-12,12:18,38
2025-11-12,12:20,6
2025-11-12,12:21,3
2025-11-12,12:22,73
2025-11-12,12:23,33
2025-11-12,12:24,52
2025-11-12,12:25,15
2025-11-12,12:29,19
2025-11-12,12:31,5
2025-11-12,12:35,17
2025-11-12,12:37,16
2025-11-12,12:39,23
2025-11-12,12:40,56
2025-11-12,12:41,13
2025-11-12,13:02,40
2025-11-12,13:03,1
2025-11-12,13:29,10
2025-11-12,13:30,54
2025-11-12,14:06,10
2025-11-12,14:07,14
2025-11-12,14:12,13
2025-11-12,14:21,12
2025-11-12,14:24,22
2025-11-12,14:25,1
2025-11-12,14:30,4
2025-11-12,14:31,1
2025-11-12,14:36,6
2025-11-12,14:39,8
2025-11-12,14:40,11
2025-11-12,14:42,22
2025-11-12,15:00,30
2025-11-12,15:03,12
2025-11-12,15:04,10
2025-11-12,15:05,13
2025-11-12,15:12,26
2025-11-12,15:17,19
2025-11-12,15:18,5
2025-11-12,15:21,11
2025-11-12,15:26,13
2025-11-12,15:28,7
2025-11-12,15:31,21
2025-11-12,15:32,8
2025-11-12,15:36,10
2025-11-12,15:37,1
2025-11-12,15:48,8
2025-11-12,15:49,10
2025-11-12,15:50,14
2025-11-12,15:51,14
2025-11-12,15:56,35
2025-11-12,15:57,76
2025-11-12,16:20,20
2025-11-12,16:21,84
2025-11-12,16:22,13
2025-11-12,16:24,40
2025-11-12,16:37,52
2025-11-12,16:38,25
2025-11-12,16:39,7
2025-11-12,16:40,7
2025-11-12,16:42,21
2025-11-12,16:43,40
2025-11-12,16:44,12
2025-11-12,16:45,24
2025-11-12,16:54,16
2025-11-12,16:56,44
2025-11-12,16:57,23
2025-11-12,17:00,14
2025-11-12,17:01,8
2025-11-12,17:02,11
2025-11-12,17:05,21
2025-11-12,17:06,3
2025-11-12,17:08,21
2025-11-12,17:12,16
2025-11-12,17:13,68
2025-11-12,17:14,41
2025-11-12,17:15,11
2025-11-12,17:22,51
2025-11-12,17:23,19
2025-11-12,17:24,10
2025-11-12,17:28,7
2025-11-12,17:29,26
2025-11-12,17:30,10
2025-11-12,17:31,14
2025-11-12,17:32,3
2025-11-12,17:41,8
2025-11-12,17:45,11
2025-11-12,17:46,42
2025-11-12,17:47,15
2025-11-12,17:48,28
2025-11-12,17:49,31
2025-11-12,17:50,59
2025-11-12,17:51,43
2025-11-12,17:52,56
2025-11-12,17:53,109
2025-11-12,17:54,50
2025-11-12,17:55,49
2025-11-12,17:56,106
2025-11-12,17:57,75
2025-11-12,17:58,97
2025-11-12,17:59,79
2025-11-12,18:00,103
2025-11-12,18:01,93
2025-11-12,18:02,113
2025-11-12,18:03,73
2025-11-12,18:04,101
2025-11-12,18:05,100
2025-11-12,18:06,22
2025-11-12,18:09,66
2025-11-12,18:10,73
2025-11-12,18:12,28
2025-11-12,18:13,19
2025-11-12,18:14,61
2025-11-12,18:15,18
2025-11-12,18:16,64
2025-11-12,18:17,94
2025-11-12,18:18,45
2025-11-12,18:19,14
2025-11-12,18:30,7
2025-11-12,18:33,55
2025-11-12,18:34,73
2025-11-12,18:35,69
2025-11-12,18:36,29
2025-11-12,18:37,11
2025-11-12,20:01,6
2025-11-12,20:02,58
2025-11-12,20:03,83
2025-11-12,20:04,76
2025-11-12,20:16,63
2025-11-12,20:17,74
2025-11-12,20:18,78
2025-11-12,20:20,53
2025-11-12,20:21,25
2025-11-12,20:22,46
2025-11-12,20:24,36
2025-11-12,20:25,59
2025-11-12,20:26,9
2025-11-12,20:27,12
2025-11-12,20:28,10
2025-11-12,20:32,7
2025-11-12,20:33,5
2025-11-12,20:34,33
2025-11-12,20:35,20
2025-11-12,20:36,47
2025-11-12,20:37,7
2025-11-12,20:38,58
2025-11-12,20:41,50
2025-11-12,20:42,11
2025-11-12,20:43,28
2025-11-12,20:44,33
2025-11-12,20:45,30
2025-11-12,20:46,27
2025-11-12,20:47,7
2025-11-12,20:48,14
2025-11-12,20:49,11
2025-11-12,20:50,24
2025-11-12,20:51,61
2025-11-12,20:52,42
2025-11-12,20:53,11
2025-11-12,20:56,13
2025-11-12,20:57,102
2025-11-12,20:58,1
2025-11-12,20:59,32
2025-11-12,21:00,26
2025-11-12,21:01,31
2025-11-12,21:04,9
2025-11-12,21:24,22
2025-11-12,21:25,11
2025-11-12,21:30,12
2025-11-12,21:31,42
2025-11-12,21:32,12
2025-11-12,21:33,51
2025-11-12,21:36,47
2025-11-12,21:37,24
2025-11-12,21:38,35
2025-11-12,21:39,48
2025-11-12,21:40,11
2025-11-12,21:41,42
2025-11-12,21:42,90
2025-11-12,21:43,119
2025-11-12,21:44,114
2025-11-12,21:45,114
2025-11-12,21:46,117
2025-11-12,21:47,74
2025-11-12,21:48,9
2025-11-12,21:49,34
2025-11-12,21:50,12
2025-11-12,22:16,5
2025-11-12,22:17,3
2025-11-12,22:18,5
2025-11-12,22:20,45
2025-11-12,22:22,54
2025-11-12,22:23,66
2025-11-12,22:24,75
2025-11-12,22:31,21
2025-11-12,22:35,9
2025-11-12,22:36,10
2025-11-12,22:38,10
2025-11-12,22:44,7
2025-11-12,22:46,22
2025-11-12,22:48,8
2025-11-12,22:49,23
2025-11-12,22:53,38
2025-11-12,22:54,17
2025-11-12,22:57,10
2025-11-12,22:58,35
2025-11-12,22:59,2
2025-11-12,23:04,12
2025-11-12,23:13,5
2025-11-12,23:20,14
2025-11-12,23:21,14
2025-11-12,23:23,20
2025-11-12,23:24,13
2025-11-12,23:25,7
2025-11-13,07:23,13
2025-11-13,07:24,53
2025-11-13,07:25,31
2025-11-13,07:27,51
2025-11-13,07:28,18
2025-11-13,07:29,14
2025-11-13,07:30,23
2025-11-13,07:31,16
2025-11-13,07:32,8
2025-11-13,07:33,83
2025-11-13,07:34,38
2025-11-13,07:35,58
2025-11-13,07:36,44
2025-11-13,07:37,72
2025-11-13,07:38,68
2025-11-13,07:39,77
2025-11-13,07:40,43
2025-11-13,07:42,28
2025-11-13,07:43,12
2025-11-13,07:44,43
2025-11-13,07:45,27
2025-11-13,07:46,42
2025-11-13,07:47,31
2025-11-13,07:48,24
2025-11-13,07:49,34
2025-11-13,07:51,8
2025-11-13,07:52,77
2025-11-13,07:53,23
2025-11-13,07:54,86
2025-11-13,07:55,23
2025-11-13,07:56,64
2025-11-13,08:03,103
2025-11-13,08:04,113
2025-11-13,08:05,97
2025-11-13,08:06,51
2025-11-13,08:08,17
2025-11-13,08:09,53
2025-11-13,08:10,1
2025-11-13,08:14,9
2025-11-13,08:29,25
2025-11-13,08:40,26
2025-11-13,09:04,10
2025-11-13,09:08,6
2025-11-13,09:23,77
2025-11-13,09:24,67
2025-11-13,09:48,7
2025-11-13,09:50,22
2025-11-13,09:55,59
2025-11-13,09:56,21
2025-11-13,10:01,17
2025-11-13,10:15,73
2025-11-13,10:16,11
2025-11-13,10:29,13
2025-11-13,10:30,74
2025-11-13,10:31,4
2025-11-13,10:47,6
2025-11-13,10:48,32
2025-11-13,10:49,18
2025-11-13,10:50,51
2025-11-13,10:51,6
2025-11-13,11:16,34
2025-11-13,11:17,24
2025-11-13,11:53,40
2025-11-13,11:54,51
2025-11-13,11:55,7
2025-11-13,11:56,7
2025-11-13,11:57,11
2025-11-13,11:59,22
2025-11-13,12:00,44
2025-11-13,12:01,8
2025-11-13,12:03,16
2025-11-13,12:04,35
2025-11-13,12:05,65
2025-11-13,12:06,15
2025-11-13,12:08,3
2025-11-13,12:09,8
2025-11-13,12:12,14
2025-11-13,12:16,49
2025-11-13,12:26,10
2025-11-13,12:30,15
2025-11-13,12:32,25
2025-11-13,12:34,67
2025-11-13,12:35,46
2025-11-13,12:36,119
2025-11-13,12:37,119
2025-11-13,12:38,117
2025-11-13,12:39,115
2025-11-13,12:40,117
2025-11-13,12:41,120
2025-11-13,12:42,112
2025-11-13,12:43,118
2025-11-13,12:44,116
2025-11-13,12:45,117
2025-11-13,12:46,115
2025-11-13,12:47,117
2025-11-13,12:48,111
2025-11-13,12:49,31
2025-11-13,12:50,66
2025-11-13,12:51,48
2025-11-13,12:52,33
2025-11-13,12:53,29
2025-11-13,12:54,71
2025-11-13,12:55,6
2025-11-13,12:57,21
2025-11-13,13:14,7
2025-11-13,14:05,33
2025-11-13,14:06,33
2025-11-13,14:41,51
2025-11-13,14:42,1
2025-11-13,14:50,55
2025-11-13,15:00,3
2025-11-13,15:46,27
2025-11-13,15:47,41
2025-11-13,15:48,9
2025-11-13,15:49,26
2025-11-13,15:50,9
2025-11-13,16:15,22
2025-11-13,16:16,6
2025-11-13,16:23,16
2025-11-13,16:24,37
2025-11-13,16:38,21
2025-11-13,16:46,33
2025-11-13,17:00,13
2025-11-13,17:01,14
2025-11-13,17:02,14
2025-11-13,17:03,13
2025-11-13,17:04,16
2025-11-13,17:15,28
2025-11-13,17:16,10
2025-11-13,17:20,13
2025-11-13,17:21,15
2025-11-13,17:32,27
2025-11-13,17:33,48
2025-11-13,17:34,1
2025-11-13,17:37,8
2025-11-13,17:38,68
2025-11-13,17:39,11
2025-11-13,17:41,13
2025-11-13,17:43,52
2025-11-13,17:50,17
2025-11-13,17:51,42
2025-11-13,17:52,11
2025-11-13,17:54,22
2025-11-13,17:57,10
2025-11-13,17:58,5
2025-11-13,17:59,14
2025-11-13,18:00,49
2025-11-13,18:15,33
2025-11-13,18:17,12
2025-11-13,18:19,6
2025-11-13,18:20,6
2025-11-13,18:21,10
2025-11-13,18:27,18
2025-11-13,18:30,49
2025-11-13,18:32,102
2025-11-13,18:34,6
2025-11-13,18:35,44
2025-11-13,18:36,108
2025-11-13,18:37,104
2025-11-13,18:38,45
2025-11-13,18:39,51
2025-11-13,18:40,101
2025-11-13,18:41,107
2025-11-13,18:42,106
2025-11-13,18:43,104
2025-11-13,18:44,104
2025-11-13,18:45,114
2025-11-13,18:46,69
2025-11-13,18:47,102
2025-11-13,18:48,108
2025-11-13,18:49,84
2025-11-13,18:50,96
2025-11-13,18:51,73
2025-11-13,18:52,13
2025-11-13,18:53,109
2025-11-13,18:54,108
2025-11-13,18:55,35
2025-11-13,18:56,2
2025-11-13,18:57,15
2025-11-13,19:04,13
2025-11-13,19:05,103
2025-11-13,19:06,57
2025-11-13,19:07,21
2025-11-13,19:08,25
2025-11-13,19:09,55
2025-11-13,19:10,81
2025-11-13,19:11,48
2025-11-13,19:17,6
2025-11-13,19:18,21
2025-11-13,19:26,27
2025-11-13,19:27,6
2025-11-13,19:29,8
2025-11-13,19:30,12
2025-11-13,19:45,28
2025-11-13,19:51,41
2025-11-13,20:46,38
2025-11-14,00:35,7
2025-11-14,04:18,7
2025-11-14,04:20,10
2025-11-14,05:01,8
2025-11-14,05:02,22
2025-11-14,05:03,27
2025-11-14,05:04,6
2025-11-14,05:05,6
2025-11-14,05:06,15
2025-11-14,05:07,57
2025-11-14,05:08,23
2025-11-14,05:09,6
2025-11-14,05:14,22
2025-11-14,05:15,8
2025-11-14,05:16,14
2025-11-14,05:17,3
2025-11-14,06:22,7
2025-11-14,07:05,24
2025-11-14,07:06,80
2025-11-14,07:07,16
2025-11-14,07:08,44
2025-11-14,07:09,14
2025-11-14,07:11,25
2025-11-14,07:12,13
2025-11-14,07:13,40
2025-11-14,07:14,59
2025-11-14,07:15,65
2025-11-14,07:16,79
2025-11-14,07:18,38
2025-11-14,07:19,29
2025-11-14,07:20,42
2025-11-14,07:21,73
2025-11-14,07:22,59
2025-11-14,07:23,34
2025-11-14,07:24,62
2025-11-14,07:25,63
2025-11-14,07:26,34
2025-11-14,07:27,73
2025-11-14,07:28,39
2025-11-14,07:29,82
2025-11-14,07:30,38
2025-11-14,07:31,85
2025-11-14,07:32,20
2025-11-14,07:33,37
2025-11-14,07:34,74
2025-11-14,07:35,25
2025-11-14,07:36,40
2025-11-14,07:37,13
2025-11-14,07:38,18
2025-11-14,07:39,112
2025-11-14,07:40,98
2025-11-14,07:41,62
2025-11-14,07:42,31
2025-11-14,07:43,24
2025-11-14,07:44,7
2025-11-14,07:45,94
2025-11-14,07:55,113
2025-11-14,07:56,124
2025-11-14,07:57,112
2025-11-14,07:58,116
2025-11-14,07:59,109
2025-11-14,08:00,79
2025-11-14,08:01,84
2025-11-14,08:02,23
2025-11-14,08:03,11
2025-11-14,08:15,87
2025-11-14,08:43,16
2025-11-14,08:44,28
2025-11-14,09:02,49
2025-11-14,09:05,3
2025-11-14,09:07,10
2025-11-14,09:08,31
2025-11-14,09:11,69
2025-11-14,09:12,81
2025-11-14,09:13,20
2025-11-14,09:21,12
2025-11-14,09:23,51
2025-11-14,09:42,7
2025-11-14,09:48,20
2025-11-14,10:59,54
2025-11-14,11:00,20
2025-11-14,11:01,17
2025-11-14,11:04,6
2025-11-14,11:12,9
2025-11-14,11:19,32
2025-11-14,11:20,4
2025-11-14,11:27,6
2025-11-14,11:28,17
2025-11-14,11:30,10
2025-11-14,11:48,43
2025-11-14,11:49,24
2025-11-14,11:55,35
2025-11-14,11:56,99
2025-11-14,11:57,6
2025-11-14,11:59,15
2025-11-14,12:00,97
2025-11-14,12:01,52
2025-11-14,12:14,19
2025-11-14,12:16,52
2025-11-14,12:17,13
2025-11-14,12:20,26
2025-11-14,12:35,16
2025-11-14,12:36,12
2025-11-14,12:37,1
2025-11-14,12:38,12
2025-11-14,12:39,10
2025-11-14,12:40,23
2025-11-14,12:41,28
2025-11-14,12:42,25
2025-11-14,12:43,37
2025-11-14,12:45,16
2025-11-14,12:53,41
2025-11-14,12:54,35
2025-11-14,12:55,10
2025-11-14,12:56,1
2025-11-14,12:58,4
2025-11-14,12:59,33
2025-11-14,13:00,28
2025-11-14,13:01,47
2025-11-14,13:29,73
2025-11-14,13:30,33
2025-11-14,13:31,25
2025-11-14,14:09,63
2025-11-14,14:10,17
2025-11-14,14:23,38
2025-11-14,14:24,13
2025-11-14,14:25,25
2025-11-14,14:26,3
2025-11-14,14:35,6
2025-11-14,14:36,11
2025-11-14,14:37,24
2025-11-14,14:38,24
2025-11-14,14:39,41
2025-11-14,14:40,35
2025-11-14,14:41,46
2025-11-14,14:42,31
2025-11-14,14:43,58
2025-11-14,14:44,70
2025-11-14,14:45,82
2025-11-14,14:46,82
2025-11-14,14:47,82
2025-11-14,14:48,64
2025-11-14,14:49,45
2025-11-14,14:50,39
2025-11-14,14:51,62
2025-11-14,14:52,58
2025-11-14,14:53,22
2025-11-14,14:54,44
2025-11-14,14:55,61
2025-11-14,14:56,66
2025-11-14,14:57,44
2025-11-14,14:58,73
2025-11-14,14:59,63
2025-11-14,15:00,34
2025-11-14,15:01,63
2025-11-14,15:02,56
2025-11-14,15:22,29
2025-11-14,15:26,21
2025-11-14,15:39,61
2025-11-14,15:47,17
2025-11-14,15:48,36
2025-11-14,15:49,9
2025-11-14,15:52,7
2025-11-14,15:59,17
2025-11-14,16:01,73
2025-11-14,16:02,6
2025-11-14,16:14,35
2025-11-14,16:15,39
2025-11-14,16:29,31
2025-11-14,16:30,66
2025-11-14,16:32,34
2025-11-14,16:33,13
2025-11-14,16:36,6
2025-11-14,16:37,6
2025-11-14,16:38,3
2025-11-14,16:39,5
2025-11-14,16:40,35
2025-11-14,16:41,5
2025-11-14,16:50,43
2025-11-14,16:51,60
2025-11-14,16:53,11
2025-11-14,16:54,16
2025-11-14,16:55,62
2025-11-14,17:05,21
2025-11-14,17:06,23
2025-11-14,17:07,15
2025-11-14,17:08,61
2025-11-14,17:09,12
2025-11-14,17:10,23
2025-11-14,17:13,6
2025-11-14,17:14,7
2025-11-14,17:20,6
2025-11-14,17:26,7
2025-11-14,17:28,44
2025-11-14,17:29,29
2025-11-14,17:30,56
2025-11-14,17:31,74
2025-11-14,17:33,24
2025-11-14,17:34,27
2025-11-14,17:35,39
2025-11-14,17:36,103
2025-11-14,17:37,116
2025-11-14,17:38,111
2025-11-14,17:39,114
2025-11-14,17:40,107
2025-11-14,17:41,70
2025-11-14,17:42,51
2025-11-14,17:43,111
2025-11-14,17:44,112
2025-11-14,17:45,100
2025-11-14,17:46,60
2025-11-14,17:47,74
2025-11-14,17:48,95
2025-11-14,17:49,122
2025-11-14,17:50,101
2025-11-14,17:51,85
2025-11-14,17:52,109
2025-11-14,17:53,100
2025-11-14,17:54,74
2025-11-14,17:55,34
2025-11-14,17:56,32
2025-11-14,17:57,98
2025-11-14,17:58,54
2025-11-14,18:16,28
2025-11-14,18:17,20
2025-11-14,18:23,5
2025-11-14,18:25,57
2025-11-14,18:26,73
2025-11-14,18:33,15
2025-11-14,18:49,19
2025-11-14,18:50,16
2025-11-14,19:07,13
2025-11-14,19:08,30
2025-11-14,19:34,7
2025-11-14,20:02,20
2025-11-14,20:03,40
2025-11-15,10:14,44
2025-11-15,10:15,41
2025-11-15,10:16,8
2025-11-15,10:17,40
2025-11-15,10:18,18
2025-11-15,10:19,13
2025-11-15,10:20,11
2025-11-15,10:21,69
2025-11-15,10:36,118
2025-11-15,10:37,114
2025-11-15,10:40,126
2025-11-15,10:43,109
2025-11-15,10:44,92
2025-11-15,10:45,34
2025-11-15,10:56,17
2025-11-15,10:57,75
2025-11-15,10:58,1
2025-11-15,10:59,28
2025-11-15,11:00,11
2025-11-15,11:01,26
2025-11-15,11:02,62
2025-11-15,11:03,80
2025-11-15,11:04,58
2025-11-15,11:05,27
2025-11-15,11:06,50
2025-11-15,11:07,6
2025-11-15,11:08,57
2025-11-15,11:09,12
2025-11-15,11:10,24
2025-11-15,11:11,14
2025-11-15,11:12,34
2025-11-15,11:13,62
2025-11-15,11:14,16
2025-11-15,11:15,25
2025-11-15,11:16,12
2025-11-15,11:17,34
2025-11-15,11:21,37
2025-11-15,11:22,33
2025-11-15,11:23,38
2025-11-15,11:25,30
2025-11-15,11:26,4
2025-11-15,11:27,12
2025-11-15,11:30,8
2025-11-15,11:33,14
2025-11-15,11:34,34
2025-11-15,11:35,64
2025-11-15,11:36,28
2025-11-15,11:37,9
2025-11-15,11:39,65
2025-11-15,11:40,4
2025-11-15,11:41,52
2025-11-15,11:42,80
2025-11-15,11:43,18
2025-11-15,11:44,56
2025-11-15,11:45,6
2025-11-15,11:47,43
2025-11-15,11:48,48
2025-11-15,11:56,27
2025-11-15,11:59,22
2025-11-15,12:00,54
2025-11-15,12:01,38
2025-11-15,12:02,31
2025-11-15,12:21,50
2025-11-15,13:04,8
2025-11-15,13:05,25
2025-11-15,13:33,11
2025-11-15,13:41,23
2025-11-15,13:42,14
2025-11-15,13:47,6
2025-11-15,13:51,9
2025-11-15,13:54,32
2025-11-15,14:01,30
2025-11-15,14:02,24
2025-11-15,14:03,72
2025-11-15,14:15,16
2025-11-15,14:16,17
2025-11-15,14:17,9
2025-11-15,14:35,13
2025-11-15,14:36,63
2025-11-15,15:14,28
2025-11-15,15:15,45
2025-11-15,15:16,12
2025-11-15,15:17,74
2025-11-15,15:18,5
2025-11-15,15:19,56
2025-11-15,15:20,68
2025-11-15,15:21,95
2025-11-15,15:22,119
2025-11-15,15:23,111
2025-11-15,15:24,107
2025-11-15,15:25,79
2025-11-15,15:26,115
2025-11-15,15:27,102
2025-11-15,15:28,110
2025-11-15,15:29,107
2025-11-15,15:30,94
2025-11-15,15:31,110
2025-11-15,15:32,72
2025-11-15,15:33,96
2025-11-15,15:34,109
2025-11-15,15:35,99
2025-11-15,15:36,69
2025-11-15,15:37,100
2025-11-15,15:38,114
2025-11-15,15:39,100
2025-11-15,15:40,78
2025-11-15,15:41,78
2025-11-15,15:42,63
2025-11-15,15:43,77
2025-11-15,15:44,9
2025-11-15,15:45,50
2025-11-15,16:00,66
2025-11-15,16:11,12
2025-11-15,16:12,55
2025-11-15,16:13,11
2025-11-15,16:14,10
2025-11-15,16:25,41
2025-11-15,16:26,21
2025-11-15,16:27,62
2025-11-15,16:28,30
2025-11-15,16:32,93
2025-11-15,16:33,56
2025-11-15,16:34,8
2025-11-15,16:35,32
2025-11-15,16:38,20
2025-11-15,16:57,3
2025-11-15,16:58,19
2025-11-15,17:05,6
2025-11-15,17:06,24
2025-11-15,17:08,6
2025-11-15,17:23,7
2025-11-15,17:41,18
2025-11-15,17:49,7
2025-11-15,18:17,39
2025-11-15,18:55,20
2025-11-15,20:10,42
2025-11-15,20:11,35
2025-11-15,20:14,21
2025-11-15,20:15,88
2025-11-15,20:16,1
2025-11-15,20:18,36
2025-11-15,20:23,58
2025-11-15,20:24,9
2025-11-15,20:35,7
2025-11-15,20:37,24
2025-11-15,20:41,4
2025-11-15,20:42,39
2025-11-15,20:43,16
2025-11-15,21:19,10
2025-11-15,21:39,6
2025-11-15,23:15,102
2025-11-15,23:16,27
2025-11-15,23:17,52
2025-11-15,23:18,20
2025-11-15,23:19,8
2025-11-15,23:20,42
2025-11-16,03:52,13
2025-11-16,05:23,22
2025-11-16,05:25,30
2025-11-16,05:26,25
2025-11-16,05:29,10
2025-11-16,05:30,20
2025-11-16,05:31,13
2025-11-16,05:35,12
2025-11-16,05:38,20
2025-11-16,05:41,15
2025-11-16,05:59,10
2025-11-16,06:00,33
2025-11-16,06:20,61
2025-11-16,06:21,25
2025-11-16,06:22,11
2025-11-16,06:23,1
2025-11-16,07:28,30
2025-11-16,07:29,1
2025-11-16,07:30,14
2025-11-16,07:31,19
2025-11-16,07:33,36
2025-11-16,07:34,6
2025-11-16,07:37,8
2025-11-16,07:40,11
2025-11-16,07:42,5
2025-11-16,07:43,27
2025-11-16,07:44,26
2025-11-16,07:50,3
2025-11-16,07:51,37
2025-11-16,07:52,17
2025-11-16,07:53,10
2025-11-16,07:54,9
2025-11-16,07:56,14
2025-11-16,07:57,1
2025-11-16,08:00,14
2025-11-16,08:05,17
2025-11-16,08:06,10
2025-11-16,08:07,20
2025-11-16,08:08,26
2025-11-16,08:28,4
2025-11-16,08:31,31
2025-11-16,08:32,85
2025-11-16,08:33,82
2025-11-16,08:34,7
2025-11-16,08:35,7
2025-11-16,08:37,27
2025-11-16,08:38,98
2025-11-16,08:39,26
2025-11-16,08:40,18
2025-11-16,08:41,38
2025-11-16,08:42,9
2025-11-16,08:43,29
2025-11-16,08:44,33
2025-11-16,08:46,13
2025-11-16,08:49,31
2025-11-16,08:50,1
2025-11-16,08:51,10
2025-11-16,08:56,14
2025-11-16,08:57,77
2025-11-16,08:59,34
2025-11-16,09:00,45
2025-11-16,09:01,81
2025-11-16,09:02,17
2025-11-16,09:03,19
2025-11-16,09:04,10
2025-11-16,09:14,123
2025-11-16,09:15,30
2025-11-16,09:17,8
2025-11-16,09:18,3
2025-11-16,09:21,7
2025-11-16,09:26,15
2025-11-16,09:31,6
2025-11-16,09:32,5
2025-11-16,09:34,13
2025-11-16,09:35,16
2025-11-16,09:36,18
2025-11-16,09:38,13
2025-11-16,09:40,21
2025-11-16,09:47,15
2025-11-16,09:48,67
2025-11-16,09:49,6
2025-11-16,09:50,37
2025-11-16,09:51,33
2025-11-16,09:56,8
2025-11-16,10:04,9
2025-11-16,10:05,62
2025-11-16,10:06,49
2025-11-16,10:07,66
2025-11-16,10:08,28
2025-11-16,10:09,66
2025-11-16,10:11,34
2025-11-16,10:12,45
2025-11-16,10:13,70
2025-11-16,10:14,30
2025-11-16,10:15,46
2025-11-16,10:17,7
2025-11-16,10:18,78
2025-11-16,10:19,22
2025-11-16,10:20,41
2025-11-16,10:21,39
2025-11-16,10:22,52
2025-11-16,10:23,5
2025-11-16,10:24,28
2025-11-16,10:47,10
2025-11-16,10:48,33
2025-11-16,10:49,34
2025-11-16,10:50,21
2025-11-16,10:51,30
2025-11-16,10:52,26
2025-11-16,10:53,34
2025-11-16,10:54,50
2025-11-16,10:55,60
2025-11-16,10:56,3
2025-11-16,10:58,26
2025-11-16,10:59,66
2025-11-16,11:01,48
2025-11-16,11:08,15
2025-11-16,11:09,10
2025-11-16,11:10,48
2025-11-16,11:11,55
2025-11-16,11:12,36
2025-11-16,11:42,27
2025-11-16,11:43,57
2025-11-16,11:44,21
2025-11-16,11:45,39
2025-11-16,11:46,14
2025-11-16,11:47,15
2025-11-16,11:53,8
2025-11-16,11:54,23
2025-11-16,11:57,29
2025-11-16,12:00,5
2025-11-16,12:07,24
2025-11-16,12:08,78
2025-11-16,12:09,6
2025-11-16,12:10,6
2025-11-16,12:11,8
2025-11-16,12:12,5
2025-11-16,12:13,20
2025-11-16,12:17,28
2025-11-16,12:18,19
2025-11-16,12:22,6
2025-11-16,12:31,7
2025-11-16,12:32,8
2025-11-16,12:42,6
2025-11-16,13:02,6
2025-11-16,13:11,22
2025-11-16,13:13,55
2025-11-16,13:18,8
2025-11-16,13:50,7
2025-11-16,13:57,64
2025-11-16,13:58,30
2025-11-16,14:08,6
2025-11-16,14:29,5
2025-11-16,14:35,87
2025-11-16,14:36,41
2025-11-16,14:37,54
2025-11-16,14:53,17
2025-11-16,14:54,9
2025-11-16,15:21,27
2025-11-16,15:25,27
2025-11-16,15:26,6
2025-11-16,15:43,12
2025-11-16,15:44,8
2025-11-16,16:24,22
2025-11-16,16:25,28
2025-11-16,16:28,2
2025-11-16,16:29,46
2025-11-16,16:30,40
2025-11-16,16:31,44
2025-11-16,16:34,8
2025-11-16,16:35,24
2025-11-16,16:36,23
2025-11-16,16:37,25
2025-11-16,16:38,38
2025-11-16,16:41,10
2025-11-16,16:42,6
2025-11-16,16:43,6
2025-11-16,16:44,8
2025-11-16,16:45,15
2025-11-16,16:46,39
2025-11-16,16:47,31
2025-11-16,16:48,69
2025-11-16,16:49,54
2025-11-16,16:50,7
2025-11-16,16:51,71
2025-11-16,16:52,44
2025-11-16,16:53,31
2025-11-16,16:55,47
2025-11-16,16:56,25
2025-11-16,16:57,8
2025-11-16,16:58,42
2025-11-16,16:59,5
2025-11-16,17:02,23
2025-11-16,17:03,7
2025-11-16,17:04,24
2025-11-16,17:05,15
2025-11-16,17:08,10
2025-11-16,17:09,11
2025-11-16,17:12,42
2025-11-16,17:13,27
2025-11-16,17:15,12
2025-11-16,17:16,33
2025-11-16,17:17,38
2025-11-16,17:18,66
2025-11-16,17:19,12
2025-11-16,17:20,10
2025-11-16,17:21,67
2025-11-16,17:22,24
2025-11-16,17:23,7
2025-11-16,17:24,27
2025-11-16,17:25,11
2025-11-16,17:27,26
2025-11-16,17:30,18
2025-11-16,17:31,37
2025-11-16,17:32,7
2025-11-16,17:33,11
2025-11-16,17:34,17
2025-11-16,17:35,21
2025-11-16,17:36,26
2025-11-16,17:47,25
2025-11-16,17:51,20
2025-11-16,18:00,27
2025-11-16,18:01,13
2025-11-16,18:40,106
2025-11-16,18:42,16
2025-11-16,18:43,42
2025-11-16,18:44,121
2025-11-16,18:45,114
2025-11-16,18:46,63
2025-11-16,18:47,109
2025-11-16,18:48,70
2025-11-16,18:49,88
2025-11-16,18:50,67
2025-11-16,18:51,70
2025-11-16,18:52,84
2025-11-16,18:53,97
2025-11-16,18:54,18
2025-11-16,18:55,10
2025-11-16,18:56,16
2025-11-16,18:57,10
2025-11-16,19:35,7
2025-11-16,19:47,21
2025-11-16,19:48,81
2025-11-16,19:49,20
2025-11-16,19:59,29
2025-11-16,20:02,32
2025-11-16,20:03,48
2025-11-16,20:04,36
2025-11-16,20:08,22
2025-11-16,20:11,8
2025-11-16,20:22,24
2025-11-16,20:44,13
2025-11-16,20:45,25
2025-11-16,20:48,26
2025-11-16,20:49,42
2025-11-16,20:51,63
2025-11-16,20:52,44
2025-11-16,21:25,18
2025-11-16,21:28,16
2025-11-16,21:29,5
2025-11-16,21:34,14
2025-11-16,21:37,10
2025-11-16,21:40,7
2025-11-16,22:05,16
2025-11-16,22:10,7
2025-11-16,22:13,13
2025-11-16,22:35,10
2025-11-16,23:18,41
2025-11-16,23:19,12
2025-11-16,23:20,30
2025-11-16,23:22,12
2025-11-17,06:51,28
2025-11-17,06:52,38
2025-11-17,06:53,26
2025-11-17,06:54,111
2025-11-17,06:55,101
2025-11-17,06:56,6
2025-11-17,06:58,11
2025-11-17,06:59,40
2025-11-17,07:00,33
2025-11-17,07:09,9
2025-11-17,07:10,45
2025-11-17,07:11,26
2025-11-17,07:12,70
2025-11-17,07:13,63
2025-11-17,07:14,25
2025-11-17,07:15,41
2025-11-17,07:16,50
2025-11-17,07:17,15
2025-11-17,07:18,55
2025-11-17,07:19,29
2025-11-17,07:20,30
2025-11-17,07:21,28
2025-11-17,07:22,100
2025-11-17,07:23,72
2025-11-17,07:24,24
2025-11-17,07:25,50
2025-11-17,07:27,59
2025-11-17,07:28,31
2025-11-17,07:29,46
2025-11-17,07:30,39
2025-11-17,07:31,52
2025-11-17,07:32,60
2025-11-17,07:33,76
2025-11-17,07:34,61
2025-11-17,07:35,106
2025-11-17,07:36,52
2025-11-17,07:37,27
2025-11-17,07:38,7
2025-11-17,07:39,49
2025-11-17,07:40,88
2025-11-17,07:48,112
2025-11-17,07:49,105
2025-11-17,07:50,34
2025-11-17,07:51,88
2025-11-17,07:52,90
2025-11-17,08:07,68
2025-11-17,08:08,2
2025-11-17,08:34,9
2025-11-17,08:55,8
2025-11-17,08:56,7
2025-11-17,08:58,10
2025-11-17,08:59,20
2025-11-17,09:00,17
2025-11-17,09:01,11
2025-11-17,09:06,37
2025-11-17,09:07,25
2025-11-17,09:10,70
2025-11-17,09:11,1
2025-11-17,09:15,4
2025-11-17,09:16,50
2025-11-17,09:19,87
2025-11-17,09:20,44
2025-11-17,09:21,6
2025-11-17,09:22,32
2025-11-17,09:24,27
2025-11-17,09:29,3
2025-11-17,10:27,42
2025-11-17,10:28,7
2025-11-17,10:30,5
2025-11-17,10:53,9
2025-11-17,12:04,16
2025-11-17,12:05,10
2025-11-17,12:06,15
2025-11-17,12:07,56
2025-11-17,12:14,24
2025-11-17,12:15,4
2025-11-17,12:16,7
2025-11-17,12:17,49
2025-11-17,12:22,10
2025-11-17,12:28,3
2025-11-17,12:29,22
2025-11-17,12:32,6
2025-11-17,12:33,6
2025-11-17,12:34,36
2025-11-17,12:41,3
2025-11-17,12:42,8
2025-11-17,12:44,19
2025-11-17,12:50,6
2025-11-17,12:51,13
2025-11-17,12:53,70
2025-11-17,12:56,6
2025-11-17,12:57,14
2025-11-17,13:38,14
2025-11-17,13:42,13
2025-11-17,13:46,9
2025-11-17,13:47,14
2025-11-17,13:50,15
2025-11-17,13:54,73
2025-11-17,13:55,12
2025-11-17,13:57,3
2025-11-17,13:59,28
2025-11-17,14:00,3
2025-11-17,14:02,5
2025-11-17,14:03,15
2025-11-17,14:04,32
2025-11-17,14:05,1
2025-11-17,14:06,11
2025-11-17,14:11,55
2025-11-17,14:12,17
2025-11-17,14:13,43
2025-11-17,14:14,29
2025-11-17,14:15,23
2025-11-17,14:19,54
2025-11-17,14:20,52
2025-11-17,14:21,59
2025-11-17,14:22,19
2025-11-17,14:27,7
2025-11-17,15:15,34
2025-11-17,15:16,1
2025-11-17,15:17,78
2025-11-17,15:18,13
2025-11-17,15:28,15
2025-11-17,16:00,14
2025-11-17,16:02,14
2025-11-17,16:12,38
2025-11-17,16:13,54
2025-11-17,16:14,10
2025-11-17,16:15,26
2025-11-17,16:17,18
2025-11-17,16:24,10
2025-11-17,16:25,60
2025-11-17,16:38,6
2025-11-17,16:39,15
2025-11-17,16:42,18
2025-11-17,16:53,10
2025-11-17,16:54,42
2025-11-17,16:56,6
2025-11-17,16:58,9
2025-11-17,16:59,7
2025-11-17,17:01,31
2025-11-17,17:02,32
2025-11-17,17:03,25
2025-11-17,17:04,7
2025-11-17,17:05,30
2025-11-17,17:06,85
2025-11-17,17:07,40
2025-11-17,17:08,30
2025-11-17,17:16,64
2025-11-17,17:19,15
2025-11-17,17:21,32
2025-11-17,17:27,6
2025-11-17,17:29,4
2025-11-17,17:30,33
2025-11-17,17:31,12
2025-11-17,17:32,17
2025-11-17,17:33,51
2025-11-17,17:34,14
2025-11-17,17:36,13
2025-11-17,17:37,60
2025-11-17,17:39,48
2025-11-17,17:40,38
2025-11-17,17:42,39
2025-11-17,17:43,4
2025-11-17,17:44,5
2025-11-17,17:56,11
2025-11-17,17:59,20
2025-11-17,18:00,9
2025-11-17,18:01,6
2025-11-17,18:02,22
2025-11-17,18:03,63
2025-11-17,18:04,30
2025-11-17,18:05,8
2025-11-17,18:06,15
2025-11-17,18:07,54
2025-11-17,18:08,85
2025-11-17,18:09,108
2025-11-17,18:10,109
2025-11-17,18:11,106
2025-11-17,18:12,97
2025-11-17,18:13,94
2025-11-17,18:14,102
2025-11-17,18:15,98
2025-11-17,18:16,9
2025-11-17,18:17,51
2025-11-17,18:18,28
2025-11-17,18:19,31
2025-11-17,18:33,14
2025-11-17,19:33,19
2025-11-17,19:48,44
2025-11-17,19:49,8
2025-11-17,19:50,83
2025-11-17,19:51,7
2025-11-17,19:52,16
2025-11-17,19:54,66
2025-11-17,19:58,40
2025-11-17,20:13,10
2025-11-17,20:14,7
2025-11-17,20:20,53
2025-11-17,20:23,34
2025-11-17,20:31,36
2025-11-17,20:32,9
2025-11-17,20:50,19
2025-11-17,20:51,8
2025-11-17,21:07,8
2025-11-17,21:14,7
2025-11-17,21:19,12
2025-11-17,21:20,49
2025-11-17,21:38,6
2025-11-17,21:39,20
2025-11-17,22:01,15
2025-11-17,23:07,10
2025-11-17,23:08,26
2025-11-17,23:09,2
2025-11-17,23:11,8
2025-11-18,06:58,24
2025-11-18,06:59,6
2025-11-18,07:00,63
2025-11-18,07:01,17
2025-11-18,07:02,5
2025-11-18,07:03,58
2025-11-18,07:04,73
2025-11-18,07:05,31
2025-11-18,07:06,19
2025-11-18,07:07,84
2025-11-18,07:08,53
2025-11-18,07:09,47
2025-11-18,07:10,73
2025-11-18,07:11,84
2025-11-18,07:12,56
2025-11-18,07:13,41
2025-11-18,07:14,76
2025-11-18,07:15,53
2025-11-18,07:16,24
2025-11-18,07:17,77
2025-11-18,07:19,95
2025-11-18,07:20,64
2025-11-18,07:21,36
2025-11-18,07:22,77
2025-11-18,07:23,84
2025-11-18,07:24,3
2025-11-18,07:25,36
2025-11-18,07:26,35
2025-11-18,07:27,34
2025-11-18,07:29,13
2025-11-18,07:30,21
2025-11-18,07:31,17
2025-11-18,07:32,65
2025-11-18,07:33,40
2025-11-18,07:34,54
2025-11-18,07:35,22
2025-11-18,07:36,76
2025-11-18,07:46,115
2025-11-18,07:47,111
2025-11-18,07:48,84
2025-11-18,07:49,92
2025-11-18,07:50,18
2025-11-18,07:51,57
2025-11-18,07:52,46
2025-11-18,07:53,22
2025-11-18,07:54,58
2025-11-18,08:22,9
2025-11-18,08:23,46
2025-11-18,08:24,15
2025-11-18,08:28,10
2025-11-18,08:30,5
2025-11-18,08:33,20
2025-11-18,08:34,19
2025-11-18,08:42,25
2025-11-18,08:43,66
2025-11-18,08:44,4
2025-11-18,09:01,11
2025-11-18,09:02,16
2025-11-18,09:03,31
2025-11-18,09:05,25
2025-11-18,09:06,53
2025-11-18,09:07,6
2025-11-18,09:08,18
2025-11-18,09:09,14
2025-11-18,09:13,45
2025-11-18,09:22,35
2025-11-18,09:23,54
2025-11-18,09:27,44
2025-11-18,09:28,35
2025-11-18,09:29,20
2025-11-18,09:30,14
2025-11-18,09:31,18
2025-11-18,09:32,15
2025-11-18,09:33,3
2025-11-18,09:34,33
2025-11-18,09:35,52
2025-11-18,10:08,37
2025-11-18,10:15,8
2025-11-18,10:16,22
2025-11-18,10:17,48
2025-11-18,10:20,21
2025-11-18,10:21,4
2025-11-18,10:23,31
2025-11-18,10:24,22
2025-11-18,10:25,17
2025-11-18,10:28,11
2025-11-18,10:29,96
2025-11-18,10:30,5
2025-11-18,10:32,15
2025-11-18,10:33,1
2025-11-18,10:54,24
2025-11-18,10:55,65
2025-11-18,10:57,19
2025-11-18,12:05,48
2025-11-18,12:06,2
2025-11-18,12:07,56
2025-11-18,12:08,77
2025-11-18,12:09,30
2025-11-18,12:10,20
2025-11-18,12:16,11
2025-11-18,12:17,21
2025-11-18,12:18,8
2025-11-18,12:20,24
2025-11-18,12:21,42
2025-11-18,12:23,7
2025-11-18,12:26,31
2025-11-18,12:27,6
2025-11-18,12:28,55
2025-11-18,12:40,20
2025-11-18,12:41,1
2025-11-18,12:42,11
2025-11-18,12:44,17
2025-11-18,12:45,32
2025-11-18,12:46,55
2025-11-18,12:47,40
2025-11-18,12:48,43
2025-11-18,12:49,52
2025-11-18,12:50,9
2025-11-18,12:51,6
2025-11-18,12:52,26
2025-11-18,12:53,17
2025-11-18,12:54,24
2025-11-18,12:55,42
2025-11-18,12:56,76
2025-11-18,12:57,23
2025-11-18,12:58,15
2025-11-18,12:59,14
2025-11-18,13:00,13
2025-11-18,13:01,30
2025-11-18,13:57,40
2025-11-18,14:11,30
2025-11-18,14:38,21
2025-11-18,14:42,24
2025-11-18,14:44,101
2025-11-18,14:45,23
2025-11-18,15:09,23
2025-11-18,15:24,6
2025-11-18,15:25,7
2025-11-18,15:46,8
2025-11-18,15:51,73
2025-11-18,15:52,61
2025-11-18,15:54,11
2025-11-18,15:57,18
2025-11-18,15:58,6
2025-11-18,16:01,7
2025-11-18,16:02,62
2025-11-18,16:06,30
2025-11-18,16:07,23
2025-11-18,16:08,61
2025-11-18,16:09,24
2025-11-18,16:10,28
2025-11-18,16:17,16
2025-11-18,16:19,34
2025-11-18,16:22,40
2025-11-18,16:23,45
2025-11-18,16:24,29
2025-11-18,16:25,29
2025-11-18,16:28,35
2025-11-18,16:29,1
2025-11-18,16:33,17
2025-11-18,16:34,25
2025-11-18,16:35,14
2025-11-18,16:37,3
2025-11-18,16:38,39
2025-11-18,16:40,51
2025-11-18,16:41,9
2025-11-18,16:53,31
2025-11-18,16:54,100
2025-11-18,16:55,21
2025-11-18,16:56,40
2025-11-18,16:58,70
2025-11-18,16:59,82
2025-11-18,17:00,88
2025-11-18,17:01,46
2025-11-18,17:08,5
2025-11-18,17:09,20
2025-11-18,17:10,39
2025-11-18,17:30,9
2025-11-18,17:32,5
2025-11-18,17:34,18
2025-11-18,17:35,23
2025-11-18,17:41,29
2025-11-18,17:47,4
2025-11-18,17:48,12
2025-11-18,17:50,5
2025-11-18,17:51,11
2025-11-18,17:56,7
2025-11-18,17:59,7
2025-11-18,18:02,9
2025-11-18,18:03,10
2025-11-18,18:12,19
2025-11-18,18:19,6
2025-11-18,18:20,11
2025-11-18,18:24,8
2025-11-18,18:25,6
2025-11-18,18:26,9
2025-11-18,18:33,6
2025-11-18,18:39,15
2025-11-18,18:49,9
2025-11-18,18:52,65
2025-11-18,18:53,77
2025-11-18,18:54,24
2025-11-18,18:58,6
2025-11-18,19:05,54
2025-11-18,19:07,40
2025-11-18,19:12,15
2025-11-18,19:16,20
2025-11-18,19:17,48
2025-11-18,19:18,56
2025-11-18,19:19,6
2025-11-18,19:20,35
2025-11-18,19:22,34
2025-11-18,19:23,83
2025-11-18,19:24,57
2025-11-18,19:29,72
2025-11-18,19:30,83
2025-11-18,19:31,1
2025-11-18,19:44,9
2025-11-18,19:48,13
2025-11-18,19:49,38
2025-11-18,19:50,10
2025-11-18,19:57,5
2025-11-18,19:58,53
2025-11-18,19:59,23
2025-11-18,20:00,8
2025-11-18,20:02,97
2025-11-18,20:03,116
2025-11-18,20:04,99
2025-11-18,20:05,78
2025-11-18,20:06,88
2025-11-18,20:07,107
2025-11-18,20:08,92
2025-11-18,20:09,111
2025-11-18,20:10,102
2025-11-18,20:11,104
2025-11-18,20:12,119
2025-11-18,20:13,103
2025-11-18,20:14,82
2025-11-18,20:15,18
2025-11-18,20:16,13
2025-11-18,20:17,17
2025-11-18,20:18,13
2025-11-18,20:19,41
2025-11-18,20:20,21
2025-11-18,20:58,16
2025-11-18,21:15,29
2025-11-18,21:16,1
2025-11-18,21:27,14
2025-11-19,00:39,15
2025-11-19,00:40,1
2025-11-19,01:37,5
2025-11-19,01:38,22
2025-11-19,01:43,3
2025-11-19,06:40,14
2025-11-19,06:41,57
2025-11-19,06:42,1
2025-11-19,07:25,16
2025-11-19,07:26,58
2025-11-19,07:28,44
2025-11-19,07:29,15
2025-11-19,07:31,84
2025-11-19,07:32,88
2025-11-19,07:33,87
2025-11-19,07:34,86
2025-11-19,07:35,89
2025-11-19,07:36,93
2025-11-19,07:37,90
2025-11-19,07:38,90
2025-11-19,07:39,88
2025-11-19,07:40,90
2025-11-19,07:41,88
2025-11-19,07:42,89
2025-11-19,07:43,91
2025-11-19,07:44,87
2025-11-19,07:45,90
2025-11-19,07:46,88
2025-11-19,07:47,87
2025-11-19,07:48,90
2025-11-19,07:49,87
2025-11-19,07:50,74
2025-11-19,07:51,86
2025-11-19,07:52,72
2025-11-19,07:53,88
2025-11-19,07:54,88
2025-11-19,07:55,86
2025-11-19,07:56,84
2025-11-19,07:57,91
2025-11-19,07:58,89
2025-11-19,07:59,94
2025-11-19,08:00,77
2025-11-19,08:01,66
2025-11-19,08:02,11
2025-11-19,09:01,61
2025-11-19,09:02,34
2025-11-19,09:06,6
2025-11-19,09:07,14
2025-11-19,09:08,7
2025-11-19,09:09,48
2025-11-19,09:10,69
2025-11-19,09:11,1
2025-11-19,09:12,13
2025-11-19,09:14,12
2025-11-19,09:16,56
2025-11-19,09:21,37
2025-11-19,09:22,34
2025-11-19,09:27,78
2025-11-19,09:28,1
2025-11-19,09:35,5
2025-11-19,09:52,29
2025-11-19,09:53,8
2025-11-19,10:02,33
2025-11-19,10:03,7
2025-11-19,10:15,7
2025-11-19,10:16,1
2025-11-19,10:23,18
2025-11-19,10:28,14
2025-11-19,10:30,17
2025-11-19,10:44,13
2025-11-19,11:03,12
2025-11-19,11:17,5
2025-11-19,11:18,2
2025-11-19,11:37,7
2025-11-19,11:38,1
2025-11-19,11:41,25
2025-11-19,11:42,18
2025-11-19,11:59,15
2025-11-19,12:28,13
2025-11-19,12:29,8
2025-11-19,12:30,1
2025-11-19,12:33,15
2025-11-19,12:37,14
2025-11-19,12:39,9
2025-11-19,12:50,6
2025-11-19,12:51,13
2025-11-19,12:53,17
2025-11-19,12:59,7
2025-11-19,13:10,71
2025-11-19,13:11,1
2025-11-19,13:12,7
2025-11-19,13:13,16
2025-11-19,13:18,13
2025-11-19,13:20,18
2025-11-19,13:21,9
2025-11-19,13:22,13
2025-11-19,13:23,23
2025-11-19,13:24,15
2025-11-19,13:25,49
2025-11-19,13:31,16
2025-11-19,13:32,15
2025-11-19,13:49,36
2025-11-19,13:50,47
2025-11-19,13:52,3
2025-11-19,13:58,19
2025-11-19,13:59,24
2025-11-19,14:00,1
2025-11-19,14:25,20
2025-11-19,14:47,6
2025-11-19,14:48,7
2025-11-19,15:05,35
2025-11-19,15:12,20
2025-11-19,15:13,7
2025-11-19,15:17,22
2025-11-19,15:18,4
2025-11-19,15:20,12
2025-11-19,15:21,8
2025-11-19,15:22,9
2025-11-19,15:23,9
2025-11-19,15:28,19
2025-11-19,15:30,11
2025-11-19,15:35,19
2025-11-19,15:54,26
2025-11-19,16:00,12
2025-11-19,16:01,1
2025-11-19,16:08,66
2025-11-19,16:09,57
2025-11-19,16:12,10
2025-11-19,16:14,44
2025-11-19,16:15,37
2025-11-19,16:19,3
2025-11-19,16:22,12
2025-11-19,16:23,7
2025-11-19,16:27,27
2025-11-19,16:29,25
2025-11-19,16:30,69
2025-11-19,16:31,11
2025-11-19,16:32,4
2025-11-19,16:42,33
2025-11-19,16:43,7
2025-11-19,16:46,4
2025-11-19,16:47,26
2025-11-19,16:48,22
2025-11-19,16:49,22
2025-11-19,16:55,12
2025-11-19,16:56,22
2025-11-19,16:59,11
2025-11-19,17:08,58
2025-11-19,17:15,48
2025-11-19,17:16,65
2025-11-19,17:17,58
2025-11-19,17:18,9
2025-11-19,17:19,47
2025-11-19,17:20,49
2025-11-19,17:21,13
2025-11-19,17:22,20
2025-11-19,17:23,36
2025-11-19,17:25,20
2025-11-19,17:26,25
2025-11-19,17:27,11
2025-11-19,17:28,8
2025-11-19,17:29,47
2025-11-19,17:30,3
2025-11-19,17:31,66
2025-11-19,17:37,9
2025-11-19,17:45,8
2025-11-19,17:46,22
2025-11-19,17:47,59
2025-11-19,17:48,104
2025-11-19,17:49,112
2025-11-19,17:50,106
2025-11-19,17:51,109
2025-11-19,17:52,109
2025-11-19,17:53,76
2025-11-19,17:54,71
2025-11-19,17:55,102
2025-11-19,17:56,91
2025-11-19,17:57,56
2025-11-19,17:58,96
2025-11-19,17:59,100
2025-11-19,18:00,106
2025-11-19,18:01,23
2025-11-19,18:02,12
2025-11-19,18:03,19
2025-11-19,18:04,29
2025-11-19,18:05,6
2025-11-19,18:06,18
2025-11-19,18:07,13
2025-11-19,18:08,13
2025-11-19,18:09,12
2025-11-19,18:10,25
2025-11-19,18:12,25
2025-11-19,18:19,9
2025-11-19,18:22,11
2025-11-19,18:24,7
2025-11-19,18:25,60
2025-11-19,18:26,87
2025-11-19,18:27,51
2025-11-19,18:35,14
2025-11-19,19:13,7
2025-11-19,19:29,6
2025-11-19,19:49,6
2025-11-19,19:50,1
2025-11-19,19:51,10
2025-11-19,20:13,54
2025-11-19,20:14,91
2025-11-19,20:15,67
2025-11-19,20:17,3
2025-11-19,20:27,12
2025-11-19,20:28,10
2025-11-19,20:29,38
2025-11-19,20:30,33
2025-11-19,20:31,38
2025-11-19,20:32,18
2025-11-19,20:33,16
2025-11-19,20:34,33
2025-11-19,21:15,26
2025-11-19,21:16,37
2025-11-19,21:18,7
2025-11-19,21:19,3
2025-11-20,00:28,8
2025-11-20,03:15,5
2025-11-20,03:16,2
2025-11-20,07:16,46
2025-11-20,07:17,7
2025-11-20,07:18,30
2025-11-20,07:19,64
2025-11-20,07:20,3
2025-11-20,07:22,19
2025-11-20,07:23,5
2025-11-20,07:24,47
2025-11-20,07:25,33
2025-11-20,07:26,46
2025-11-20,07:27,82
2025-11-20,07:28,76
2025-11-20,07:29,57
2025-11-20,07:30,16
2025-11-20,07:31,47
2025-11-20,07:32,48
2025-11-20,07:33,5
2025-11-20,07:34,12
2025-11-20,07:35,75
2025-11-20,07:36,42
2025-11-20,07:37,66
2025-11-20,07:38,58
2025-11-20,07:39,90
2025-11-20,07:40,28
2025-11-20,07:41,21
2025-11-20,07:42,108
2025-11-20,07:43,13
2025-11-20,07:44,93
2025-11-20,07:51,113
2025-11-20,07:52,107
2025-11-20,07:53,50
2025-11-20,07:55,59
2025-11-20,08:06,25
2025-11-20,08:09,5
2025-11-20,08:10,43
2025-11-20,08:11,7
2025-11-20,08:29,93
2025-11-20,08:30,31
2025-11-20,08:35,21
2025-11-20,08:36,43
2025-11-20,08:39,7
2025-11-20,08:43,20
2025-11-20,08:47,43
2025-11-20,08:48,34
2025-11-20,09:37,14
2025-11-20,09:38,1
2025-11-20,09:43,3
2025-11-20,09:52,13
2025-11-20,10:05,11
2025-11-20,10:15,6
2025-11-20,10:22,7
2025-11-20,10:23,8
2025-11-20,10:51,43
2025-11-20,10:52,1
2025-11-20,11:07,55
2025-11-20,11:08,64
2025-11-20,11:10,12
2025-11-20,11:11,33
2025-11-20,11:32,9
2025-11-20,11:35,6
2025-11-20,11:37,18
2025-11-20,12:21,34
2025-11-20,12:24,13
2025-11-20,12:26,16
2025-11-20,12:27,10
2025-11-20,12:30,17
2025-11-20,12:32,9
2025-11-20,12:36,13
2025-11-20,12:37,8
2025-11-20,12:39,16
2025-11-20,12:40,10
2025-11-20,12:54,25
2025-11-20,12:55,13
2025-11-20,13:53,32
2025-11-20,13:54,22
2025-11-20,13:55,29
2025-11-20,13:56,21
2025-11-20,13:57,54
2025-11-20,15:49,18
2025-11-20,15:50,13
2025-11-20,15:55,14
2025-11-20,15:57,10
2025-11-20,16:13,3
2025-11-20,16:21,66
2025-11-20,16:22,21
2025-11-20,16:23,11
2025-11-20,16:29,11
2025-11-20,16:39,36
2025-11-20,16:40,32
2025-11-20,16:41,4
2025-11-20,16:54,6
2025-11-20,17:05,6
2025-11-20,17:06,13
2025-11-20,17:12,48
2025-11-20,17:13,38
2025-11-20,17:14,8
2025-11-20,17:15,64
2025-11-20,17:17,17
2025-11-20,17:22,16
2025-11-20,17:28,41
2025-11-20,17:31,20
2025-11-20,17:35,5
2025-11-20,17:36,37
2025-11-20,17:45,6
2025-11-20,17:46,1
2025-11-20,17:47,5
2025-11-20,17:49,57
2025-11-20,17:50,102
2025-11-20,17:51,52
2025-11-20,17:52,81
2025-11-20,17:53,35
2025-11-20,17:54,76
2025-11-20,17:55,19
2025-11-20,18:47,13
2025-11-20,18:48,29
2025-11-20,18:49,7
2025-11-20,18:50,20
2025-11-20,18:53,28
2025-11-20,18:54,92
2025-11-20,18:55,31
2025-11-20,18:56,12
2025-11-20,18:57,15
2025-11-20,18:58,50
2025-11-20,18:59,77
2025-11-20,19:00,37
2025-11-20,19:01,78
2025-11-20,19:02,61
2025-11-20,19:03,76
2025-11-20,19:04,71
2025-11-20,19:05,107
2025-11-20,19:06,43
2025-11-20,19:07,67
2025-11-20,19:08,66
2025-11-20,19:09,23
2025-11-20,19:10,83
2025-11-20,19:11,9
2025-11-20,19:12,23
2025-11-20,19:13,45
2025-11-20,19:14,29
2025-11-20,19:15,32
2025-11-20,19:21,11
2025-11-20,19:26,34
2025-11-20,19:27,6
2025-11-20,19:35,11
2025-11-20,19:36,11
2025-11-20,19:53,6
2025-11-20,19:54,26
2025-11-20,19:55,5
2025-11-20,19:59,13
2025-11-20,20:00,10
2025-11-20,20:01,94
2025-11-20,20:02,19
2025-11-20,20:07,21
2025-11-20,20:08,1
2025-11-20,20:13,19
2025-11-20,20:14,92
2025-11-20,20:15,26
2025-11-20,20:16,53
2025-11-20,20:17,12
2025-11-20,20:19,17
2025-11-20,20:20,29
2025-11-20,20:22,7
2025-11-20,20:23,8
2025-11-20,20:25,47
2025-11-20,20:26,119
2025-11-20,20:27,108
2025-11-20,20:28,119
2025-11-20,20:29,112
2025-11-20,20:30,85
2025-11-20,20:31,103
2025-11-20,20:32,11
2025-11-21,07:16,14
2025-11-21,07:17,46
2025-11-21,07:18,65
2025-11-21,07:19,40
2025-11-21,07:20,69
2025-11-21,07:21,55
2025-11-21,07:22,17
2025-11-21,07:23,73
2025-11-21,07:24,10
2025-11-21,07:25,101
2025-11-21,07:26,43
2025-11-21,07:27,82
2025-11-21,07:28,57
2025-11-21,07:29,101
2025-11-21,07:30,65
2025-11-21,07:31,92
2025-11-21,07:32,62
2025-11-21,07:33,95
2025-11-21,07:34,66
2025-11-21,07:35,39
2025-11-21,07:36,50
2025-11-21,07:37,38
2025-11-21,07:38,68
2025-11-21,07:39,22
2025-11-21,07:40,60
2025-11-21,07:41,78
2025-11-21,07:42,44
2025-11-21,07:44,37
2025-11-21,07:47,117
2025-11-21,07:56,107
2025-11-21,07:57,108
2025-11-21,07:58,92
2025-11-21,08:01,53
2025-11-21,08:02,59
2025-11-21,08:03,10
2025-11-21,08:04,1
2025-11-21,09:03,30
2025-11-21,09:05,14
2025-11-21,09:06,20
2025-11-21,09:09,4
2025-11-21,09:42,3
2025-11-21,10:00,81
2025-11-21,10:01,47
2025-11-21,10:02,3
2025-11-21,10:13,7
2025-11-21,10:14,8
2025-11-21,10:22,40
2025-11-21,10:23,28
2025-11-21,10:24,36
2025-11-21,10:25,5
2025-11-21,10:26,19
2025-11-21,10:27,68
2025-11-21,10:28,23
2025-11-21,10:33,48
2025-11-21,10:34,9
2025-11-21,10:35,37
2025-11-21,10:36,34
2025-11-21,10:52,6
2025-11-21,11:07,9
2025-11-21,11:09,19
2025-11-21,12:52,7
2025-11-21,13:12,8
2025-11-21,13:13,62
2025-11-21,13:14,17
2025-11-21,13:15,4
2025-11-21,13:16,5
2025-11-21,13:17,30
2025-11-21,13:18,40
2025-11-21,13:20,9
2025-11-21,13:24,38
2025-11-21,13:25,40
2025-11-21,13:26,31
2025-11-21,13:35,34
2025-11-21,13:36,12
2025-11-21,13:37,38
2025-11-21,13:38,32
2025-11-21,13:39,7
2025-11-21,13:40,90
2025-11-21,13:41,12
2025-11-21,13:42,31
2025-11-21,13:43,6
2025-11-21,14:50,24
2025-11-21,14:51,80
2025-11-21,14:52,44
2025-11-21,14:53,67
2025-11-21,14:54,21
2025-11-21,14:55,42
2025-11-21,14:56,46
2025-11-21,14:57,21
2025-11-21,14:58,49
2025-11-21,14:59,34
2025-11-21,15:00,51
2025-11-21,15:04,36
2025-11-21,15:05,53
2025-11-21,15:06,59
2025-11-21,15:07,78
2025-11-21,15:08,73
2025-11-21,15:09,21
2025-11-21,15:10,33
2025-11-21,15:11,71
2025-11-21,15:12,47
2025-11-21,15:13,45
2025-11-21,15:14,13
2025-11-21,15:15,44
2025-11-21,15:27,10
2025-11-21,15:28,11
2025-11-21,15:29,9
2025-11-21,16:30,39
2025-11-21,16:31,7
2025-11-21,16:33,19
2025-11-21,17:01,6
2025-11-21,17:02,45
2025-11-21,17:03,18
2025-11-21,17:04,24
2025-11-21,17:05,26
2025-11-21,17:08,42
2025-11-21,17:10,8
2025-11-21,17:11,39
2025-11-21,17:12,24
2025-11-21,17:13,7
2025-11-21,17:14,42
2025-11-21,17:15,1
2025-11-21,17:21,23
2025-11-21,17:22,16
2025-11-21,17:23,5
2025-11-21,17:24,14
2025-11-21,17:25,12
2025-11-21,17:26,19
2025-11-21,17:27,7
2025-11-21,17:28,30
2025-11-21,17:29,20
2025-11-21,17:39,7
2025-11-21,17:40,29
2025-11-21,17:51,23
2025-11-21,17:52,41
2025-11-21,17:53,3
2025-11-21,17:54,22
2025-11-21,17:55,31
2025-11-21,17:56,15
2025-11-21,17:57,22
2025-11-21,17:58,103
2025-11-21,17:59,99
2025-11-21,18:00,45
2025-11-21,18:01,97
2025-11-21,18:02,109
2025-11-21,18:03,110
2025-11-21,18:04,109
2025-11-21,18:05,116
2025-11-21,18:06,75
2025-11-21,18:07,89
2025-11-21,18:08,99
2025-11-21,18:09,93
2025-11-21,18:10,107
2025-11-21,18:11,109
2025-11-21,18:12,96
2025-11-21,18:13,80
2025-11-21,18:14,90
2025-11-21,18:15,103
2025-11-21,18:16,69
2025-11-21,18:17,39
2025-11-21,18:18,125
2025-11-21,18:19,122
2025-11-21,18:20,101
2025-11-21,18:21,121
2025-11-21,18:22,106
2025-11-21,18:23,55
2025-11-21,18:24,29
2025-11-21,18:26,43
2025-11-21,18:27,29
2025-11-21,18:35,6
2025-11-21,18:36,36
2025-11-21,18:37,12
2025-11-21,18:43,3
2025-11-21,18:44,3
2025-11-21,18:59,51
2025-11-21,19:00,7
2025-11-21,19:01,8
2025-11-21,19:12,7
2025-11-21,19:21,55
2025-11-21,19:22,10
2025-11-21,19:25,44
2025-11-21,19:26,9
2025-11-21,19:34,5
2025-11-21,19:41,49
2025-11-21,19:45,8
2025-11-21,20:21,29
2025-11-21,20:44,78
2025-11-21,20:45,30
2025-11-21,20:49,38
2025-11-22,01:40,9
2025-11-22,05:56,8
2025-11-22,05:58,21
2025-11-22,06:03,5
2025-11-22,06:05,18
2025-11-22,06:07,61
2025-11-22,06:08,16
2025-11-22,06:24,28
2025-11-22,06:37,16
2025-11-22,07:58,51
2025-11-22,07:59,49
2025-11-22,08:00,10
2025-11-22,08:01,21
2025-11-22,08:02,11
2025-11-22,08:03,26
2025-11-22,08:04,42
2025-11-22,08:25,13
2025-11-22,08:26,2
2025-11-22,08:27,5
2025-11-22,08:28,9
2025-11-22,08:29,43
2025-11-22,08:30,17
2025-11-22,08:31,5
2025-11-22,08:32,11
2025-11-22,08:33,14
2025-11-22,08:34,33
2025-11-22,08:35,6
2025-11-22,08:37,67
2025-11-22,08:38,12
2025-11-22,08:41,6
2025-11-22,08:44,64
2025-11-22,08:45,8
2025-11-22,08:46,8
2025-11-22,08:47,27
2025-11-22,08:48,44
2025-11-22,08:49,91
2025-11-22,08:50,6
2025-11-22,08:58,37
2025-11-22,08:59,63
2025-11-22,09:01,16
2025-11-22,09:02,8
2025-11-22,09:04,6
2025-11-22,09:05,81
2025-11-22,09:06,38
2025-11-22,09:07,8
2025-11-22,09:08,3
2025-11-22,09:10,41
2025-11-22,09:11,56
2025-11-22,09:14,18
2025-11-22,09:15,42
2025-11-22,09:16,42
2025-11-22,09:18,27
2025-11-22,09:20,13
2025-11-22,09:21,7
2025-11-22,09:22,12
2025-11-22,09:23,36
2025-11-22,09:24,70
2025-11-22,09:25,54
2025-11-22,09:33,24
2025-11-22,09:34,64
2025-11-22,09:35,6
2025-11-22,09:36,9
2025-11-22,09:37,29
2025-11-22,09:38,3
2025-11-22,09:42,21
2025-11-22,09:46,3
2025-11-22,09:47,27
2025-11-22,09:48,8
2025-11-22,09:56,18
2025-11-22,09:57,7
2025-11-22,09:58,78
2025-11-22,09:59,63
2025-11-22,10:01,29
2025-11-22,10:02,58
2025-11-22,10:03,81
2025-11-22,10:04,41
2025-11-22,10:07,5
2025-11-22,10:08,41
2025-11-22,10:09,48
2025-11-22,10:10,44
2025-11-22,10:11,19
2025-11-22,10:12,27
2025-11-22,10:13,7
2025-11-22,10:14,51
2025-11-22,10:15,23
2025-11-22,10:16,4
2025-11-22,10:17,35
2025-11-22,10:19,51
2025-11-22,11:05,62
2025-11-22,11:06,27
2025-11-22,12:05,47
2025-11-22,12:06,6
2025-11-22,12:24,14
2025-11-22,12:25,58
2025-11-22,12:26,73
2025-11-22,12:27,35
2025-11-22,12:41,26
2025-11-22,12:44,28
2025-11-22,12:45,67
2025-11-22,12:46,1
2025-11-22,12:50,35
2025-11-22,12:51,1
2025-11-22,12:53,19
2025-11-22,12:54,32
2025-11-22,12:55,17
2025-11-22,12:56,28
2025-11-22,12:57,60
2025-11-22,12:58,35
2025-11-22,12:59,7
2025-11-22,13:01,6
2025-11-22,13:02,7
2025-11-22,13:03,22
2025-11-22,13:05,8
2025-11-22,13:06,71
2025-11-22,13:07,41
2025-11-22,13:08,105
2025-11-22,13:09,80
2025-11-22,13:10,102
2025-11-22,13:11,101
2025-11-22,13:12,99
2025-11-22,13:13,82
2025-11-22,13:14,84
2025-11-22,13:15,50
2025-11-22,13:16,85
2025-11-22,13:17,53
2025-11-22,13:18,67
2025-11-22,13:19,51
2025-11-22,13:37,9
2025-11-22,13:38,7
2025-11-22,13:52,81
2025-11-22,13:53,112
2025-11-22,13:54,119
2025-11-22,13:55,116
2025-11-22,13:56,115
2025-11-22,13:57,117
2025-11-22,13:58,112
2025-11-22,13:59,103
2025-11-22,14:00,103
2025-11-22,14:01,65
2025-11-22,14:02,104
2025-11-22,14:03,109
2025-11-22,14:04,109
2025-11-22,14:05,105
2025-11-22,14:06,105
2025-11-22,14:07,106
2025-11-22,14:08,101
2025-11-22,14:09,104
2025-11-22,14:10,106
2025-11-22,14:11,99
2025-11-22,14:12,106
2025-11-22,14:13,111
2025-11-22,14:14,101
2025-11-22,14:15,104
2025-11-22,14:16,101
2025-11-22,14:17,95
2025-11-22,14:18,108
2025-11-22,14:19,100
2025-11-22,14:20,101
2025-11-22,14:21,105
2025-11-22,14:22,105
2025-11-22,14:23,103
2025-11-22,14:24,44
2025-11-22,14:25,99
2025-11-22,14:26,91
2025-11-22,14:27,110
2025-11-22,14:28,107
2025-11-22,14:29,101
2025-11-22,14:30,100
2025-11-22,14:31,97
2025-11-22,14:32,99
2025-11-22,14:33,101
2025-11-22,14:34,107
2025-11-22,14:35,105
2025-11-22,14:36,105
2025-11-22,14:37,106
2025-11-22,14:38,106
2025-11-22,14:39,105
2025-11-22,14:40,108
2025-11-22,14:41,106
2025-11-22,14:42,110
2025-11-22,14:43,108
2025-11-22,14:44,112
2025-11-22,14:45,52
2025-11-22,14:46,103
2025-11-22,14:47,97
2025-11-22,14:48,82
2025-11-22,14:49,71
2025-11-22,14:50,94
2025-11-22,14:51,101
2025-11-22,14:52,103
2025-11-22,14:53,97
2025-11-22,14:54,87
2025-11-22,14:55,99
2025-11-22,14:56,102
2025-11-22,14:57,108
2025-11-22,14:58,105
2025-11-22,15:12,10
2025-11-22,15:13,6
2025-11-22,15:14,8
2025-11-22,15:18,8
2025-11-22,15:27,21
2025-11-22,15:28,25
2025-11-22,15:29,13
2025-11-22,15:31,10
2025-11-22,15:32,24
2025-11-22,15:47,25
2025-11-22,15:48,57
2025-11-22,15:49,1
2025-11-22,15:50,34
2025-11-22,15:51,74
2025-11-22,15:57,13
2025-11-22,15:59,8
2025-11-22,16:17,14
2025-11-22,16:18,18
2025-11-22,16:20,12
2025-11-22,16:21,13
2025-11-22,16:24,9
2025-11-22,16:25,42
2025-11-22,16:47,12
2025-11-22,16:48,34
2025-11-22,16:49,66
2025-11-22,16:55,31
2025-11-22,17:00,60
2025-11-22,17:01,39
2025-11-22,17:02,27
2025-11-22,17:10,7
2025-11-22,17:11,17
2025-11-22,17:12,35
2025-11-22,17:13,28
2025-11-22,17:51,21
2025-11-22,17:52,59
2025-11-22,17:53,42
2025-11-22,17:54,99
2025-11-22,17:55,124
2025-11-22,17:56,111
2025-11-22,17:57,109
2025-11-22,17:58,71
2025-11-22,17:59,88
2025-11-22,18:00,80
2025-11-22,18:01,86
2025-11-22,18:02,10
2025-11-22,18:37,28
2025-11-22,18:39,21
2025-11-22,18:40,6
2025-11-22,19:13,32
2025-11-22,19:14,25
2025-11-22,19:31,8
2025-11-22,19:32,1
2025-11-22,19:57,19
2025-11-22,19:58,18
2025-11-22,20:09,14
2025-11-22,20:14,31
2025-11-22,20:15,15
2025-11-22,20:16,7
2025-11-22,20:18,5
2025-11-22,20:21,6
2025-11-22,20:23,49
2025-11-22,20:29,8
2025-11-22,20:30,65
2025-11-22,20:31,7
2025-11-22,20:32,12
2025-11-22,20:33,5
2025-11-22,20:56,8
2025-11-22,21:00,26
2025-11-22,21:01,16
2025-11-22,21:04,9
2025-11-22,21:05,6
2025-11-22,21:07,56
2025-11-22,21:08,10
2025-11-22,21:16,39
2025-11-22,21:17,14
2025-11-23,07:57,5
2025-11-23,07:59,4
2025-11-23,08:00,19
2025-11-23,08:01,6
2025-11-23,08:02,63
2025-11-23,08:03,6
2025-11-23,08:05,46
2025-11-23,08:06,33
2025-11-23,08:07,69
2025-11-23,08:45,6
2025-11-23,09:08,54
2025-11-23,09:09,31
2025-11-23,09:10,28
2025-11-23,09:11,6
2025-11-23,09:12,37
2025-11-23,09:17,33
2025-11-23,09:18,36
2025-11-23,09:19,45
2025-11-23,09:20,19
2025-11-23,09:27,27
2025-11-23,09:28,101
2025-11-23,09:29,45
2025-11-23,09:30,75
2025-11-23,09:31,64
2025-11-23,09:32,79
2025-11-23,09:33,91
2025-11-23,09:34,66
2025-11-23,09:35,61
2025-11-23,09:37,8
2025-11-23,09:38,38
2025-11-23,09:39,27
2025-11-23,09:43,8
2025-11-23,09:50,20
2025-11-23,10:00,5
2025-11-23,10:01,10
2025-11-23,10:03,7
2025-11-23,10:05,43
2025-11-23,10:10,8
2025-11-23,10:24,29
2025-11-23,10:25,72
2025-11-23,10:26,37
2025-11-23,10:27,29
2025-11-23,10:29,16
2025-11-23,10:30,45
2025-11-23,10:31,102
2025-11-23,10:32,79
2025-11-23,10:33,19
2025-11-23,10:34,78
2025-11-23,10:35,62
2025-11-23,10:36,20
2025-11-23,10:37,15
2025-11-23,10:38,15
2025-11-23,10:39,13
2025-11-23,10:40,3
2025-11-23,10:41,6
2025-11-23,10:44,9
2025-11-23,10:46,21
2025-11-23,10:47,40
2025-11-23,10:49,7
2025-11-23,10:50,21
2025-11-23,10:58,23
2025-11-23,11:44,15
2025-11-23,11:45,26
2025-11-23,11:54,5
2025-11-23,11:56,9
2025-11-23,11:57,14
2025-11-23,11:58,56
2025-11-23,12:05,7
2025-11-23,12:06,29
2025-11-23,12:07,25
2025-11-23,12:26,21
2025-11-23,12:27,19
2025-11-23,12:37,7
2025-11-23,12:38,26
2025-11-23,12:39,34
2025-11-23,12:40,12
2025-11-23,12:45,27
2025-11-23,12:59,12
2025-11-23,13:05,28
2025-11-23,13:06,13
2025-11-23,13:10,6
2025-11-23,13:11,7
2025-11-23,13:16,15
2025-11-23,13:17,29
2025-11-23,13:18,22
2025-11-23,13:28,6
2025-11-23,13:29,43
2025-11-23,13:31,30
2025-11-23,13:49,14
2025-11-23,13:53,25
2025-11-23,13:54,13
2025-11-23,13:56,15
2025-11-23,14:02,17
2025-11-23,14:14,11
2025-11-23,14:15,39
2025-11-23,14:16,39
2025-11-23,14:17,75
2025-11-23,14:18,85
2025-11-23,14:19,104
2025-11-23,14:20,99
2025-11-23,14:21,109
2025-11-23,14:22,74
2025-11-23,14:23,106
2025-11-23,14:24,111
2025-11-23,14:25,111
2025-11-23,14:26,76
2025-11-23,14:27,85
2025-11-23,14:28,103
2025-11-23,14:29,80
2025-11-23,14:30,80
2025-11-23,14:31,86
2025-11-23,14:32,82
2025-11-23,14:33,71
2025-11-23,14:34,80
2025-11-23,14:35,101
2025-11-23,14:36,66
2025-11-23,14:37,25
2025-11-23,14:38,55
2025-11-23,14:39,31
2025-11-23,14:40,104
2025-11-23,14:41,77
2025-11-23,14:42,47
2025-11-23,14:43,7
2025-11-23,15:26,6
2025-11-23,15:27,5
2025-11-23,15:37,7
2025-11-23,15:38,5
2025-11-23,15:39,12
2025-11-23,15:41,21
2025-11-23,15:45,6
2025-11-23,15:46,32
2025-11-23,15:47,8
2025-11-23,15:48,13
2025-11-23,15:49,12
2025-11-23,15:52,6
2025-11-23,15:54,6
2025-11-23,15:55,19
2025-11-23,16:00,21
2025-11-23,16:01,8
2025-11-23,16:02,11
2025-11-23,16:03,63
2025-11-23,16:13,14
2025-11-23,16:14,33
2025-11-23,16:17,26
2025-11-23,16:18,10
2025-11-23,16:30,18
2025-11-23,16:31,44
2025-11-23,16:32,107
2025-11-23,16:33,111
2025-11-23,16:34,100
2025-11-23,16:35,105
2025-11-23,16:36,109
2025-11-23,16:37,74
2025-11-23,16:38,99
2025-11-23,16:39,101
2025-11-23,16:40,96
2025-11-23,16:41,74
2025-11-23,16:42,95
2025-11-23,16:43,107
2025-11-23,16:44,81
2025-11-23,16:45,56
2025-11-23,16:46,101
2025-11-23,16:47,91
2025-11-23,16:48,107
2025-11-23,16:49,110
2025-11-23,16:50,98
2025-11-23,16:51,91
2025-11-23,16:52,61
2025-11-23,16:53,46
2025-11-23,16:54,54
2025-11-23,16:55,88
2025-11-23,16:56,85
2025-11-23,16:57,43
2025-11-23,16:59,22
2025-11-23,17:01,20
2025-11-23,17:04,46
2025-11-23,17:34,3
2025-11-23,17:36,30
2025-11-23,17:37,67
2025-11-23,17:38,1
2025-11-23,17:41,7
2025-11-23,17:42,88
2025-11-23,17:43,85
2025-11-23,17:44,69
2025-11-23,17:45,67
2025-11-23,17:46,83
2025-11-23,17:47,28
2025-11-23,17:48,17
2025-11-23,17:49,21
2025-11-23,17:50,44
2025-11-23,17:55,73
2025-11-23,17:56,89
2025-11-23,17:57,73
2025-11-23,17:58,22
2025-11-23,17:59,18
2025-11-23,18:01,41
2025-11-23,18:02,33
2025-11-23,18:03,79
2025-11-23,18:04,62
2025-11-23,18:05,11
2025-11-23,18:08,7
2025-11-23,18:16,71
2025-11-23,18:17,1
2025-11-23,18:22,15
2025-11-23,18:27,46
2025-11-23,18:28,16
2025-11-23,18:29,25
2025-11-23,18:30,16
2025-11-23,18:50,45
2025-11-23,19:02,17
2025-11-23,19:04,3
2025-11-23,19:54,12
2025-11-23,19:55,6
2025-11-23,19:58,5
2025-11-23,19:59,22
2025-11-23,20:00,14
2025-11-23,20:01,22
2025-11-23,20:02,6
2025-11-23,20:09,21
2025-11-23,21:07,10
2025-11-23,21:08,41
2025-11-23,21:09,21
2025-11-23,21:10,52
2025-11-23,22:08,23
2025-11-23,22:09,8
2025-11-23,22:10,17
2025-11-23,22:11,12
2025-11-24,06:48,20
2025-11-24,06:49,10
2025-11-24,06:50,8
2025-11-24,06:51,49
2025-11-24,06:52,71
2025-11-24,06:53,21
2025-11-24,06:54,17
2025-11-24,06:55,43
2025-11-24,06:56,41
2025-11-24,06:57,16
2025-11-24,06:58,5
2025-11-24,06:59,51
2025-11-24,07:00,59
2025-11-24,07:01,64
2025-11-24,07:02,48
2025-11-24,07:03,48
2025-11-24,07:04,41
2025-11-24,07:05,49
2025-11-24,07:06,60
2025-11-24,07:07,78
2025-11-24,07:08,87
2025-11-24,07:09,63
2025-11-24,07:11,7
2025-11-24,07:12,55
2025-11-24,07:13,42
2025-11-24,07:14,94
2025-11-24,07:15,46
2025-11-24,07:16,89
2025-11-24,07:17,54
2025-11-24,07:18,42
2025-11-24,07:19,83
2025-11-24,07:20,116
2025-11-24,07:21,68
2025-11-24,07:22,28
2025-11-24,07:29,10
2025-11-24,07:30,1
2025-11-24,07:33,19
2025-11-24,07:34,7
2025-11-24,07:35,34
2025-11-24,07:36,64
2025-11-24,07:37,105
2025-11-24,07:38,16
2025-11-24,07:45,113
2025-11-24,07:46,8
2025-11-24,07:47,61
2025-11-24,07:48,1
2025-11-24,07:50,66
2025-11-24,08:04,67
2025-11-24,08:49,20
2025-11-24,09:08,8
2025-11-24,09:10,11
2025-11-24,09:20,11
2025-11-24,09:21,39
2025-11-24,09:44,21
2025-11-24,09:45,33
2025-11-24,09:47,7
2025-11-24,09:49,6
2025-11-24,09:50,5
2025-11-24,09:51,5
2025-11-24,09:52,6
2025-11-24,09:53,49
2025-11-24,09:56,22
2025-11-24,10:45,14
2025-11-24,10:46,8
2025-11-24,10:47,7
2025-11-24,10:48,5
2025-11-24,10:52,19
2025-11-24,10:54,61
2025-11-24,10:55,27
2025-11-24,11:01,10
2025-11-24,11:02,12
2025-11-24,11:03,7
2025-11-24,11:04,15
2025-11-24,11:05,1
2025-11-24,11:09,13
2025-11-24,11:20,2
2025-11-24,11:21,1
2025-11-24,11:29,13
2025-11-24,11:33,8
2025-11-24,11:50,13
2025-11-24,11:52,16
2025-11-24,11:57,11
2025-11-24,11:58,1
2025-11-24,12:01,3
2025-11-24,12:04,6
2025-11-24,12:05,77
2025-11-24,12:09,14
2025-11-24,12:13,12
2025-11-24,12:17,14
2025-11-24,12:30,10
2025-11-24,12:43,10
2025-11-24,13:06,7
2025-11-24,13:07,10
2025-11-24,13:27,26
2025-11-24,13:28,32
2025-11-24,13:29,15
2025-11-24,13:43,39
2025-11-24,13:44,23
2025-11-24,14:57,34
2025-11-24,15:02,15
2025-11-24,15:24,5
2025-11-24,15:31,24
2025-11-24,15:32,29
2025-11-24,15:34,16
2025-11-24,15:35,25
2025-11-24,15:36,13
2025-11-24,15:39,19
2025-11-24,15:40,11
2025-11-24,15:41,18
2025-11-24,15:45,12
2025-11-24,15:46,27
2025-11-24,15:48,63
2025-11-24,15:49,53
2025-11-24,15:56,16
2025-11-24,16:02,17
2025-11-24,16:03,5
2025-11-24,16:04,39
2025-11-24,16:05,50
2025-11-24,17:08,9
2025-11-24,17:09,21
2025-11-24,17:10,37
2025-11-24,17:11,17
2025-11-24,17:12,27
2025-11-24,17:19,18
2025-11-24,17:20,30
2025-11-24,17:22,34
2025-11-24,17:23,11
2025-11-24,17:24,12
2025-11-24,17:25,8
2025-11-24,17:27,22
2025-11-24,17:28,81
2025-11-24,17:35,10
2025-11-24,17:36,12
2025-11-24,17:37,6
2025-11-24,17:38,10
2025-11-24,17:39,13
2025-11-24,17:40,12
2025-11-24,17:42,23
2025-11-24,17:44,5
2025-11-24,17:45,20
2025-11-24,18:12,11
2025-11-24,18:13,11
2025-11-24,18:17,10
2025-11-24,18:18,54
2025-11-24,18:19,21
2025-11-24,18:20,1
2025-11-24,18:21,17
2025-11-24,18:24,40
2025-11-24,18:25,11
2025-11-24,18:26,22
2025-11-24,18:28,56
2025-11-24,18:29,38
2025-11-24,18:30,100
2025-11-24,18:31,64
2025-11-24,18:32,112
2025-11-24,18:33,96
2025-11-24,18:34,99
2025-11-24,18:35,103
2025-11-24,18:36,58
2025-11-24,18:37,104
2025-11-24,18:38,89
2025-11-24,18:39,76
2025-11-24,18:40,59
2025-11-24,18:41,72
2025-11-24,18:42,56
2025-11-24,18:43,81
2025-11-24,18:44,85
2025-11-24,18:45,69
2025-11-24,18:46,6
2025-11-24,18:47,15
2025-11-24,18:50,5
2025-11-24,19:35,44
2025-11-24,19:36,10
2025-11-24,19:38,20
2025-11-24,19:39,49
2025-11-24,19:41,3
2025-11-24,19:46,12
2025-11-24,19:47,19
2025-11-24,19:48,14
2025-11-24,19:49,28
2025-11-24,19:53,6
2025-11-24,20:00,11
2025-11-24,20:01,6
2025-11-24,20:07,13
2025-11-24,20:19,31
2025-11-24,20:20,61
2025-11-24,20:23,14
2025-11-24,21:30,83
2025-11-24,21:31,10
2025-11-24,21:34,7
2025-11-25,07:07,37
2025-11-25,07:08,59
2025-11-25,07:10,48
2025-11-25,07:11,45
2025-11-25,07:12,29
2025-11-25,07:13,11
2025-11-25,07:14,4
2025-11-25,07:15,48
2025-11-25,07:16,45
2025-11-25,07:17,40
2025-11-25,07:18,45
2025-11-25,07:19,57
2025-11-25,07:20,103
2025-11-25,07:21,7
2025-11-25,07:22,60
2025-11-25,07:23,81
2025-11-25,07:24,75
2025-11-25,07:26,86
2025-11-25,07:27,38
2025-11-25,07:28,102
2025-11-25,07:29,50
2025-11-25,07:30,47
2025-11-25,07:31,28
2025-11-25,07:32,5
2025-11-25,07:33,32
2025-11-25,07:34,55
2025-11-25,07:35,42
2025-11-25,07:36,54
2025-11-25,07:37,55
2025-11-25,07:38,58
2025-11-25,07:39,41
2025-11-25,07:41,49
2025-11-25,07:42,23
2025-11-25,07:43,75
2025-11-25,07:51,111
2025-11-25,07:52,116
2025-11-25,07:53,53
2025-11-25,07:55,26
2025-11-25,07:56,2
2025-11-25,08:10,16
2025-11-25,08:11,28
2025-11-25,08:12,4
2025-11-25,08:13,19
2025-11-25,08:14,24
2025-11-25,08:18,3
2025-11-25,08:24,6
2025-11-25,08:25,46
2025-11-25,08:26,67
2025-11-25,08:27,13
2025-11-25,08:30,1
2025-11-25,08:31,63
2025-11-25,08:33,24
2025-11-25,08:36,36
2025-11-25,08:37,84
2025-11-25,08:38,73
2025-11-25,08:39,32
2025-11-25,08:40,52
2025-11-25,08:41,87
2025-11-25,08:42,32
2025-11-25,08:44,11
2025-11-25,08:45,18
2025-11-25,08:47,47
2025-11-25,08:48,36
2025-11-25,08:49,32
2025-11-25,08:50,95
2025-11-25,08:51,41
2025-11-25,08:52,84
2025-11-25,08:53,46
2025-11-25,08:54,78
2025-11-25,08:55,31
2025-11-25,08:56,79
2025-11-25,08:59,29
2025-11-25,09:05,17
2025-11-25,09:26,6
2025-11-25,09:32,18
2025-11-25,09:33,81
2025-11-25,09:37,9
2025-11-25,09:38,1
2025-11-25,09:39,27
2025-11-25,09:43,20
2025-11-25,09:44,15
2025-11-25,09:45,28
2025-11-25,09:53,15
2025-11-25,10:14,17
2025-11-25,10:15,3
2025-11-25,10:20,15
2025-11-25,10:42,22
2025-11-25,12:04,5
2025-11-25,12:24,27
2025-11-25,12:25,21
2025-11-25,12:32,6
2025-11-25,12:34,5
2025-11-25,12:35,9
2025-11-25,12:41,7
2025-11-25,13:06,31
2025-11-25,13:07,24
2025-11-25,13:08,13
2025-11-25,13:09,10
2025-11-25,13:12,14
2025-11-25,13:14,5
2025-11-25,13:20,6
2025-11-25,13:21,26
2025-11-25,13:23,13
2025-11-25,13:26,10
2025-11-25,13:30,8
2025-11-25,13:31,11
2025-11-25,13:32,1
2025-11-25,13:36,12
2025-11-25,13:40,59
2025-11-25,13:41,58
2025-11-25,13:42,8
2025-11-25,13:43,6
2025-11-25,13:44,30
2025-11-25,13:45,12
2025-11-25,13:55,14
2025-11-25,13:57,9
2025-11-25,14:01,35
2025-11-25,14:04,63
2025-11-25,14:05,3
2025-11-25,14:08,5
2025-11-25,14:09,12
2025-11-25,14:10,40
2025-11-25,14:11,27
2025-11-25,14:19,9
2025-11-25,14:25,13
2025-11-25,14:30,20
2025-11-25,14:35,9
2025-11-25,14:40,6
2025-11-25,14:42,6
2025-11-25,14:47,20
2025-11-25,14:49,7
2025-11-25,15:00,31
2025-11-25,15:09,8
2025-11-25,15:10,22
2025-11-25,15:15,12
2025-11-25,15:24,23
2025-11-25,15:29,12
2025-11-25,15:33,23
2025-11-25,15:34,22
2025-11-25,15:42,10
2025-11-25,15:43,8
2025-11-25,15:45,10
2025-11-25,15:46,7
2025-11-25,15:49,20
2025-11-25,15:56,11
2025-11-25,15:58,12
2025-11-25,15:59,13
2025-11-25,16:08,10
2025-11-25,16:12,17
2025-11-25,16:15,10
2025-11-25,16:16,31
2025-11-25,16:20,22
2025-11-25,16:21,40
2025-11-25,16:31,66
2025-11-25,16:32,50
2025-11-25,16:33,103
2025-11-25,16:34,1
2025-11-25,16:43,6
2025-11-25,16:45,11
2025-11-25,16:47,37
2025-11-25,16:52,7
2025-11-25,16:53,53
2025-11-25,17:01,16
2025-11-25,17:02,16
2025-11-25,17:03,46
2025-11-25,17:04,38
2025-11-25,17:05,6
2025-11-25,17:06,32
2025-11-25,17:07,9
2025-11-25,17:08,35
2025-11-25,17:09,27
2025-11-25,17:10,35
2025-11-25,17:11,36
2025-11-25,17:15,3
2025-11-25,17:16,5
2025-11-25,17:17,44
2025-11-25,17:20,8
2025-11-25,17:21,7
2025-11-25,17:22,15
2025-11-25,17:27,19
2025-11-25,17:28,20
2025-11-25,17:29,1
2025-11-25,17:31,12
2025-11-25,17:32,1
2025-11-25,17:33,9
2025-11-25,17:34,6
2025-11-25,17:35,14
2025-11-25,17:37,35
2025-11-25,17:40,18
2025-11-25,17:51,11
2025-11-25,17:52,9
2025-11-25,17:53,10
2025-11-25,17:57,6
2025-11-25,17:58,65
2025-11-25,18:00,28
2025-11-25,18:01,15
2025-11-25,18:05,9
2025-11-25,18:06,10
2025-11-25,18:13,24
2025-11-25,18:18,7
2025-11-25,18:26,16
2025-11-25,18:27,28
2025-11-25,18:28,51
2025-11-25,18:36,51
2025-11-25,18:37,1
2025-11-25,18:39,6
2025-11-25,19:16,3
2025-11-25,19:17,75
2025-11-25,19:18,34
2025-11-25,19:28,20
2025-11-25,19:29,1
2025-11-25,19:39,42
2025-11-25,19:40,6
2025-11-25,20:12,11
2025-11-25,20:22,7
2025-11-25,20:23,7
2025-11-25,20:27,8
2025-11-25,20:29,12
2025-11-25,20:30,23
2025-11-25,20:31,8
2025-11-25,20:35,6
2025-11-25,20:36,63
2025-11-25,20:47,22
2025-11-25,21:14,5
2025-11-25,21:15,6
2025-11-25,21:41,6
2025-11-25,22:32,33
2025-11-25,22:34,5
2025-11-25,22:35,58
2025-11-25,22:37,9
2025-11-25,22:39,19
2025-11-26,06:51,7
2025-11-26,06:52,9
2025-11-26,06:58,60
2025-11-26,07:06,41
2025-11-26,07:07,36
2025-11-26,07:08,11
2025-11-26,07:10,17
2025-11-26,07:11,22
2025-11-26,07:12,99
2025-11-26,07:13,14
2025-11-26,07:22,7
2025-11-26,07:34,15
2025-11-26,07:39,8
2025-11-26,08:33,11
2025-11-26,08:50,76
2025-11-26,08:51,19
2025-11-26,08:53,14
2025-11-26,08:54,17
2025-11-26,08:58,5
2025-11-26,08:59,29
2025-11-26,09:00,11
2025-11-26,09:19,33
2025-11-26,09:20,38
2025-11-26,10:49,8
2025-11-26,11:01,8
2025-11-26,11:22,76
2025-11-26,11:23,6
2025-11-26,11:24,6
2025-11-26,11:29,12
2025-11-26,11:30,36
2025-11-26,11:31,49
2025-11-26,11:33,40
2025-11-26,11:34,5
2025-11-26,11:35,9
2025-11-26,11:56,11
2025-11-26,11:57,25
2025-11-26,11:58,28
2025-11-26,11:59,10
2025-11-26,12:09,7
2025-11-26,12:25,90
2025-11-26,12:26,1
2025-11-26,12:47,69
2025-11-26,12:48,22
2025-11-26,13:10,36
2025-11-26,13:11,44
2025-11-26,13:12,16
2025-11-26,13:14,53
2025-11-26,13:15,33
2025-11-26,13:27,8
2025-11-26,13:45,6
2025-11-26,13:46,18
2025-11-26,13:47,6
2025-11-26,13:48,39
2025-11-26,13:49,64
2025-11-26,13:50,45
2025-11-26,13:52,13
2025-11-26,13:54,22
2025-11-26,13:55,2
2025-11-26,13:56,21
2025-11-26,13:57,25
2025-11-26,13:58,32
2025-11-26,13:59,16
2025-11-26,14:01,16
2025-11-26,14:06,21
2025-11-26,14:08,79
2025-11-26,14:09,7
2025-11-26,14:10,45
2025-11-26,14:11,28
2025-11-26,14:12,17
2025-11-26,14:14,36
2025-11-26,14:15,40
2025-11-26,14:16,16
2025-11-26,14:18,6
2025-11-26,14:20,27
2025-11-26,14:21,52
2025-11-26,14:22,60
2025-11-26,14:23,5
2025-11-26,14:24,36
2025-11-26,14:25,82
2025-11-26,14:26,21
2025-11-26,14:27,61
2025-11-26,14:28,38
2025-11-26,14:29,85
2025-11-26,14:30,53
2025-11-26,14:41,8
2025-11-26,15:34,71
2025-11-26,15:35,43
2025-11-26,15:36,8
2025-11-26,15:37,3
2025-11-26,15:38,1
2025-11-26,15:39,19
2025-11-26,15:40,9
2025-11-26,15:44,58
2025-11-26,15:45,108
2025-11-26,15:46,76
2025-11-26,15:47,75
2025-11-26,15:48,85
2025-11-26,15:49,114
2025-11-26,15:50,113
2025-11-26,15:51,114
2025-11-26,15:52,102
2025-11-26,15:53,95
2025-11-26,15:54,104
2025-11-26,15:55,108
2025-11-26,15:56,88
2025-11-26,15:57,104
2025-11-26,15:58,104
2025-11-26,15:59,43
2025-11-26,16:00,56
2025-11-26,16:20,11
2025-11-26,16:21,39
2025-11-26,16:23,5
2025-11-26,16:34,11
2025-11-26,16:35,22
2025-11-26,16:36,17
2025-11-26,17:16,15
2025-11-26,17:17,56
2025-11-26,17:19,13
2025-11-26,17:20,76
2025-11-26,17:21,70
2025-11-26,17:22,86
2025-11-26,17:23,64
2025-11-26,17:24,44
2025-11-26,17:25,36
2025-11-26,17:26,82
2025-11-26,17:27,91
2025-11-26,17:28,14
2025-11-26,17:29,53
2025-11-26,17:30,62
2025-11-26,17:31,87
2025-11-26,17:32,59
2025-11-26,17:33,81
2025-11-26,17:34,99
2025-11-26,17:35,76
2025-11-26,17:36,73
2025-11-26,17:37,74
2025-11-26,17:38,16
2025-11-26,17:39,70
2025-11-26,17:40,85
2025-11-26,17:41,64
2025-11-26,17:42,27
2025-11-26,18:39,5
2025-11-26,18:40,8
2025-11-26,18:42,27
2025-11-26,18:46,12
2025-11-26,18:49,17
2025-11-26,18:50,19
2025-11-26,18:51,28
2025-11-26,18:52,1
2025-11-26,18:53,37
2025-11-26,18:55,14
2025-11-26,18:56,45
2025-11-26,18:57,30
2025-11-26,19:01,6
2025-11-26,19:19,18
2025-11-26,19:20,16
2025-11-26,19:24,9
2025-11-26,19:25,13
2025-11-26,19:26,9
2025-11-26,19:27,35
2025-11-26,19:28,58
2025-11-26,19:29,63
2025-11-26,19:30,10
2025-11-26,19:33,3
2025-11-26,19:57,35
2025-11-26,19:58,41
2025-11-26,20:03,22
2025-11-26,20:04,56
2025-11-26,20:05,94
2025-11-26,20:06,42
2025-11-26,20:07,99
2025-11-26,20:08,94
2025-11-26,20:09,99
2025-11-26,20:10,96
2025-11-26,20:11,58
2025-11-26,20:12,73
2025-11-26,20:13,51
2025-11-26,20:14,4
2025-11-26,20:19,6
2025-11-26,20:20,10
2025-11-26,20:21,13
2025-11-26,20:35,42
2025-11-26,20:36,18
2025-11-26,20:38,7
2025-11-26,20:39,9
2025-11-26,20:40,21
2025-11-26,21:07,14
2025-11-26,21:08,55
2025-11-26,22:00,30
2025-11-26,22:01,29
2025-11-26,22:03,11
2025-11-26,22:04,59
2025-11-26,22:06,6
2025-11-26,22:50,52
2025-11-26,23:07,11
2025-11-26,23:08,32
2025-11-27,07:29,63
2025-11-27,07:30,7
2025-11-27,07:31,7
2025-11-27,07:33,71
2025-11-27,07:34,30
2025-11-27,07:35,8
2025-11-27,07:36,10
2025-11-27,07:37,25
2025-11-27,07:39,53
2025-11-27,07:40,65
2025-11-27,07:41,71
2025-11-27,07:42,55
2025-11-27,07:43,70
2025-11-27,07:44,48
2025-11-27,07:45,75
2025-11-27,07:46,67
2025-11-27,07:47,18
2025-11-27,07:48,95
2025-11-27,07:49,52
2025-11-27,07:50,69
2025-11-27,07:51,38
2025-11-27,07:52,90
2025-11-27,07:53,53
2025-11-27,07:54,71
2025-11-27,07:55,40
2025-11-27,07:56,49
2025-11-27,07:57,72
2025-11-27,07:58,60
2025-11-27,07:59,73
2025-11-27,08:00,60
2025-11-27,08:01,45
2025-11-27,08:07,120
2025-11-27,08:08,117
2025-11-27,08:09,114
2025-11-27,08:10,63
2025-11-27,08:11,63
2025-11-27,08:20,9
2025-11-27,08:21,7
2025-11-27,08:33,5
2025-11-27,08:34,17
2025-11-27,08:36,26
2025-11-27,08:37,3
2025-11-27,08:41,15
2025-11-27,08:42,22
2025-11-27,08:43,30
2025-11-27,09:15,11
2025-11-27,09:17,8
2025-11-27,09:18,23
2025-11-27,09:19,47
2025-11-27,09:20,9
2025-11-27,09:21,94
2025-11-27,09:22,85
2025-11-27,09:23,30
2025-11-27,09:24,21
2025-11-27,09:25,7
2025-11-27,09:53,24
2025-11-27,09:54,40
2025-11-27,10:25,6
2025-11-27,10:29,34
2025-11-27,10:30,33
2025-11-27,10:31,6
2025-11-27,10:35,20
2025-11-27,10:36,33
2025-11-27,10:44,5
2025-11-27,10:55,6
2025-11-27,10:56,9
2025-11-27,10:57,10
2025-11-27,10:58,8
2025-11-27,10:59,18
2025-11-27,11:01,39
2025-11-27,11:02,60
2025-11-27,11:03,54
2025-11-27,11:04,4
2025-11-27,11:13,33
2025-11-27,11:14,10
2025-11-27,11:15,7
2025-11-27,11:16,44
2025-11-27,11:17,68
2025-11-27,11:18,65
2025-11-27,11:19,30
2025-11-27,11:21,65
2025-11-27,11:22,33
2025-11-27,11:23,12
2025-11-27,11:25,28
2025-11-27,11:26,11
2025-11-27,11:32,19
2025-11-27,11:33,20
2025-11-27,11:34,5
2025-11-27,11:35,5
2025-11-27,11:38,31
2025-11-27,11:39,33
2025-11-27,11:54,9
2025-11-27,11:55,6
2025-11-27,12:08,6
2025-11-27,12:35,41
2025-11-27,12:36,86
2025-11-27,12:37,24
2025-11-27,12:38,100
2025-11-27,12:39,41
2025-11-27,12:40,52
2025-11-27,12:41,83
2025-11-27,12:42,32
2025-11-27,12:43,48
2025-11-27,12:44,3
2025-11-27,12:51,5
2025-11-27,12:53,18
2025-11-27,12:54,37
2025-11-27,12:55,47
2025-11-27,12:56,56
2025-11-27,12:57,18
2025-11-27,12:58,14
2025-11-27,12:59,5
2025-11-27,13:01,12
2025-11-27,13:03,8
2025-11-27,13:04,25
2025-11-27,13:05,9
2025-11-27,13:33,9
2025-11-27,13:34,5
2025-11-27,13:35,26
2025-11-27,13:36,19
2025-11-27,13:37,49
2025-11-27,13:38,18
2025-11-27,13:39,21
2025-11-27,13:40,29
2025-11-27,13:41,56
2025-11-27,13:42,34
2025-11-27,13:43,58
2025-11-27,13:44,38
2025-11-27,13:45,46
2025-11-27,13:46,95
2025-11-27,13:47,86
2025-11-27,13:48,75
2025-11-27,13:49,14
2025-11-27,13:50,24
2025-11-27,13:51,8
2025-11-27,13:52,15
2025-11-27,13:53,1
2025-11-27,13:54,22
2025-11-27,13:57,7
2025-11-27,13:58,37
2025-11-27,13:59,1
2025-11-27,14:00,24
2025-11-27,14:01,9
2025-11-27,14:02,63
2025-11-27,14:03,64
2025-11-27,14:04,29
2025-11-27,14:13,14
2025-11-27,14:14,11
2025-11-27,14:15,42
2025-11-27,14:16,72
2025-11-27,14:17,21
2025-11-27,14:23,9
2025-11-27,14:36,23
2025-11-27,14:37,30
2025-11-27,14:38,10
2025-11-27,14:41,8
2025-11-27,14:45,6
2025-11-27,14:48,16
2025-11-27,14:49,9
2025-11-27,14:52,10
2025-11-27,14:53,14
2025-11-27,15:04,8
2025-11-27,15:11,9
2025-11-27,15:19,6
2025-11-27,15:20,19
2025-11-27,15:21,49
2025-11-27,15:23,18
2025-11-27,15:24,16
2025-11-27,15:27,42
2025-11-27,15:46,70
2025-11-27,15:47,46
2025-11-27,15:52,56
2025-11-27,15:53,53
2025-11-27,16:03,53
2025-11-27,16:04,7
2025-11-27,16:05,9
2025-11-27,16:06,20
2025-11-27,16:07,79
2025-11-27,16:08,69
2025-11-27,16:09,5
2025-11-27,16:11,5
2025-11-27,16:12,79
2025-11-27,16:13,49
2025-11-27,16:14,41
2025-11-27,16:15,23
2025-11-27,16:16,93
2025-11-27,16:17,46
2025-11-27,16:18,74
2025-11-27,16:19,55
2025-11-27,16:20,96
2025-11-27,16:21,67
2025-11-27,16:22,97
2025-11-27,16:23,57
2025-11-27,16:24,11
2025-11-27,16:25,48
2025-11-27,16:26,28
2025-11-27,16:29,6
2025-11-27,16:31,34
2025-11-27,16:32,11
2025-11-27,16:34,12
2025-11-27,16:36,18
2025-11-27,16:39,6
2025-11-27,16:40,13
2025-11-27,16:41,18
2025-11-27,16:46,21
2025-11-27,16:58,22
2025-11-27,17:10,17
2025-11-27,17:16,12
2025-11-27,17:17,22
2025-11-27,17:22,11
2025-11-27,17:23,6
2025-11-27,17:24,5
2025-11-27,17:30,9
2025-11-27,17:34,20
2025-11-27,17:35,39
2025-11-27,17:36,6
2025-11-27,17:43,9
2025-11-27,17:44,7
2025-11-27,18:28,7
2025-11-27,18:45,9
2025-11-27,18:46,36
2025-11-27,18:47,31
2025-11-27,18:48,52
2025-11-27,18:49,1
2025-11-27,18:51,14
2025-11-27,18:53,21
2025-11-27,18:54,34
2025-11-27,18:57,41
2025-11-27,18:58,12
2025-11-27,18:59,52
2025-11-27,19:06,8
2025-11-27,19:07,25
2025-11-27,19:21,24
2025-11-27,19:22,8
2025-11-27,19:23,18
2025-11-27,20:09,5
2025-11-27,20:12,4
2025-11-27,20:44,5
2025-11-27,21:19,6
2025-11-27,21:20,64
2025-11-27,21:27,18
2025-11-28,01:22,7
2025-11-28,05:28,42
2025-11-28,05:29,18
2025-11-28,05:33,42
2025-11-28,05:34,8
2025-11-28,06:00,13
2025-11-28,06:02,65
2025-11-28,06:06,19
2025-11-28,06:08,31
2025-11-28,07:29,5
2025-11-28,07:30,22
2025-11-28,07:31,32
2025-11-28,07:34,19
2025-11-28,07:35,27
2025-11-28,07:36,38
2025-11-28,07:37,43
2025-11-28,07:38,72
2025-11-28,07:44,22
2025-11-28,07:45,13
2025-11-28,07:46,19
2025-11-28,07:47,25
2025-11-28,07:48,6
2025-11-28,07:49,12
2025-11-28,07:55,55
2025-11-28,08:13,30
2025-11-28,08:14,1
2025-11-28,08:59,24
2025-11-28,09:00,22
2025-11-28,09:01,53
2025-11-28,09:02,81
2025-11-28,09:05,37
2025-11-28,09:06,35
2025-11-28,09:07,47
2025-11-28,09:12,58
2025-11-28,09:13,29
2025-11-28,09:16,12
2025-11-28,09:33,31
2025-11-28,09:35,72
2025-11-28,09:36,45
2025-11-28,09:37,25
2025-11-28,09:38,40
2025-11-28,09:39,46
2025-11-28,09:40,22
2025-11-28,09:41,86
2025-11-28,09:42,21
2025-11-28,09:43,52
2025-11-28,09:44,46
2025-11-28,09:45,83
2025-11-28,09:46,54
2025-11-28,09:47,23
2025-11-28,09:48,84
2025-11-28,09:49,83
2025-11-28,09:50,63
2025-11-28,09:51,64
2025-11-28,09:52,90
2025-11-28,09:53,76
2025-11-28,09:54,78
2025-11-28,09:55,67
2025-11-28,09:56,82
2025-11-28,09:57,30
2025-11-28,09:58,80
2025-11-28,09:59,66
2025-11-28,10:00,50
2025-11-28,10:01,41
2025-11-28,10:02,57
2025-11-28,10:03,33
2025-11-28,10:04,37
2025-11-28,10:05,3
2025-11-28,10:06,13
2025-11-28,10:07,9
2025-11-28,10:08,43
2025-11-28,10:09,75
2025-11-28,10:10,37
2025-11-28,10:11,14
2025-11-28,10:12,52
2025-11-28,10:13,38
2025-11-28,10:14,50
2025-11-28,10:15,61
2025-11-28,10:16,23
2025-11-28,10:17,83
2025-11-28,10:18,79
2025-11-28,10:19,74
2025-11-28,10:20,59
2025-11-28,10:21,67
2025-11-28,10:22,72
2025-11-28,10:23,46
2025-11-28,10:24,50
2025-11-28,10:25,59
2025-11-28,10:26,60
2025-11-28,10:27,44
2025-11-28,10:42,13
2025-11-28,10:43,14
2025-11-28,10:44,15
2025-11-28,10:45,10
2025-11-28,10:47,51
2025-11-28,10:48,6
2025-11-28,10:50,38
2025-11-28,10:51,18
2025-11-28,11:08,50
2025-11-28,11:09,34
2025-11-28,11:46,31
2025-11-28,11:57,10
2025-11-28,12:51,18
2025-11-28,12:54,11
2025-11-28,12:55,3
2025-11-28,12:56,10
2025-11-28,12:58,7
2025-11-28,13:05,33
2025-11-28,13:06,14
2025-11-28,13:07,25
2025-11-28,13:11,14
2025-11-28,13:12,36
2025-11-28,13:15,25
2025-11-28,13:16,1
2025-11-28,13:53,7
2025-11-28,14:43,8
2025-11-28,14:45,7
2025-11-28,14:47,6
2025-11-28,14:57,3
2025-11-28,15:01,3
2025-11-28,15:02,8
2025-11-28,15:03,1
2025-11-28,15:09,10
2025-11-28,15:10,14
2025-11-28,15:11,21
2025-11-28,15:12,53
2025-11-28,15:29,8
2025-11-28,15:31,4
2025-11-28,15:32,39
2025-11-28,15:33,8
2025-11-28,15:35,19
2025-11-28,15:36,51
2025-11-28,15:37,56
2025-11-28,15:39,34
2025-11-28,15:40,18
2025-11-28,15:41,3
2025-11-28,15:44,8
2025-11-28,15:45,9
2025-11-28,15:46,106
2025-11-28,15:47,76
2025-11-28,15:48,38
2025-11-28,15:49,57
2025-11-28,15:51,17
2025-11-28,15:52,5
2025-11-28,16:03,25
2025-11-28,16:04,15
2025-11-28,16:06,115
2025-11-28,16:07,81
2025-11-28,16:08,115
2025-11-28,16:09,87
2025-11-28,16:10,110
2025-11-28,16:11,76
2025-11-28,16:12,75
2025-11-28,16:13,95
2025-11-28,16:14,32
2025-11-28,16:15,16
2025-11-28,16:16,62
2025-11-28,16:17,32
2025-11-28,16:20,31
2025-11-28,16:21,8
2025-11-28,16:23,17
2025-11-28,16:46,35
2025-11-28,16:47,12
2025-11-28,16:48,23
2025-11-28,16:49,42
2025-11-28,16:51,13
2025-11-28,16:54,20
2025-11-28,16:55,48
2025-11-28,16:56,49
2025-11-28,16:57,6
2025-11-28,16:59,39
2025-11-28,17:00,14
2025-11-28,17:01,18
2025-11-28,17:16,49
2025-11-28,17:17,3
2025-11-28,17:24,6
2025-11-28,17:31,3
2025-11-28,17:33,5
2025-11-28,17:51,5
2025-11-28,17:53,7
2025-11-28,17:59,10
2025-11-28,18:06,7
2025-11-28,18:07,6
2025-11-28,19:04,12
2025-11-28,19:20,10
2025-11-28,19:21,64
2025-11-28,19:39,7
2025-11-28,20:55,11
2025-11-28,20:58,9
2025-11-28,21:00,20
2025-11-28,21:01,29
2025-11-28,21:18,18
2025-11-28,21:20,8
2025-11-28,21:21,18
2025-11-28,21:22,44
2025-11-28,21:23,12
2025-11-28,21:32,7
2025-11-28,21:33,36
2025-11-28,23:00,40
2025-11-28,23:01,68
2025-11-28,23:02,9
2025-11-28,23:03,13
2025-11-28,23:04,50
2025-11-28,23:05,13
2025-11-29,08:20,84
2025-11-29,08:21,25
2025-11-29,08:22,49
2025-11-29,08:24,26
2025-11-29,08:25,60
2025-11-29,08:26,24
2025-11-29,08:36,12
2025-11-29,08:37,78
2025-11-29,08:38,1
2025-11-29,08:42,17
2025-11-29,08:43,32
2025-11-29,09:14,17
2025-11-29,09:16,8
2025-11-29,09:20,7
2025-11-29,09:22,7
2025-11-29,09:24,12
2025-11-29,09:25,34
2025-11-29,09:26,13
2025-11-29,09:27,8
2025-11-29,09:29,7
2025-11-29,09:30,16
2025-11-29,09:38,18
2025-11-29,09:39,17
2025-11-29,09:41,46
2025-11-29,09:42,26
2025-11-29,09:44,96
2025-11-29,09:45,63
2025-11-29,09:46,8
2025-11-29,09:47,45
2025-11-29,09:50,6
2025-11-29,09:51,7
2025-11-29,09:52,14
2025-11-29,09:53,44
2025-11-29,09:54,56
2025-11-29,09:55,67
2025-11-29,09:56,50
2025-11-29,09:57,68
2025-11-29,09:58,91
2025-11-29,09:59,41
2025-11-29,10:00,32
2025-11-29,10:01,79
2025-11-29,10:02,90
2025-11-29,10:03,5
2025-11-29,10:04,32
2025-11-29,10:05,52
2025-11-29,10:06,53
2025-11-29,10:07,63
2025-11-29,10:08,76
2025-11-29,10:09,61
2025-11-29,10:10,101
2025-11-29,10:11,99
2025-11-29,10:12,106
2025-11-29,10:13,11
2025-11-29,10:14,80
2025-11-29,10:15,31
2025-11-29,10:16,73
2025-11-29,10:18,9
2025-11-29,10:21,66
2025-11-29,10:22,55
2025-11-29,10:24,7
2025-11-29,10:25,79
2025-11-29,10:44,16
2025-11-29,10:45,6
2025-11-29,11:01,51
2025-11-29,11:02,38
2025-11-29,11:03,35
2025-11-29,11:05,28
2025-11-29,11:06,43
2025-11-29,11:07,66
2025-11-29,11:08,7
2025-11-29,11:09,31
2025-11-29,11:10,33
2025-11-29,11:11,41
2025-11-29,11:12,24
2025-11-29,11:13,7
2025-11-29,11:14,31
2025-11-29,11:15,19
2025-11-29,11:17,27
2025-11-29,11:19,36
2025-11-29,11:20,99
2025-11-29,11:21,31
2025-11-29,11:22,78
2025-11-29,11:23,114
2025-11-29,11:24,14
2025-11-29,11:25,28
2025-11-29,11:26,43
2025-11-29,11:27,36
2025-11-29,11:28,59
2025-11-29,11:29,27
2025-11-29,11:30,9
2025-11-29,11:31,54
2025-11-29,11:32,1
2025-11-29,11:33,4
2025-11-29,11:34,18
2025-11-29,11:41,33
2025-11-29,11:57,3
2025-11-29,11:58,66
2025-11-29,11:59,23
2025-11-29,12:03,10
2025-11-29,12:04,99
2025-11-29,12:05,19
2025-11-29,12:19,11
2025-11-29,12:20,9
2025-11-29,12:22,37
2025-11-29,12:23,7
2025-11-29,12:24,24
2025-11-29,12:33,6
2025-11-29,12:36,6
2025-11-29,12:49,25
2025-11-29,12:50,43
2025-11-29,12:51,10
2025-11-29,12:56,31
2025-11-29,12:57,102
2025-11-29,12:58,22
2025-11-29,13:06,6
2025-11-29,13:12,6
2025-11-29,13:34,48
2025-11-29,13:35,39
2025-11-29,13:36,10
2025-11-29,13:38,40
2025-11-29,13:39,52
2025-11-29,13:40,25
2025-11-29,13:41,40
2025-11-29,13:42,7
2025-11-29,13:43,15
2025-11-29,13:44,44
2025-11-29,13:45,10
2025-11-29,13:46,11
2025-11-29,13:48,16
2025-11-29,13:50,31
2025-11-29,13:51,5
2025-11-29,14:19,6
2025-11-29,14:20,9
2025-11-29,14:30,11
2025-11-29,14:42,17
2025-11-29,14:43,15
2025-11-29,15:13,29
2025-11-29,15:14,15
2025-11-29,15:15,42
2025-11-29,15:16,13
2025-11-29,15:19,31
2025-11-29,15:20,8
2025-11-29,15:21,6
2025-11-29,15:30,9
2025-11-29,15:33,12
2025-11-29,15:54,40
2025-11-29,15:57,24
2025-11-29,16:12,17
2025-11-29,16:16,6
2025-11-29,16:30,73
2025-11-29,16:31,30
2025-11-29,16:32,18
2025-11-29,16:34,15
2025-11-29,16:35,44
2025-11-29,16:36,7
2025-11-29,16:37,26
2025-11-29,16:38,15
2025-11-29,16:39,36
2025-11-29,16:40,21
2025-11-29,16:41,41
2025-11-29,16:42,8
2025-11-29,16:44,5
2025-11-29,16:45,5
2025-11-29,16:47,6
2025-11-29,16:48,12
2025-11-29,16:52,39
2025-11-29,16:53,8
2025-11-29,16:55,33
2025-11-29,16:57,7
2025-11-29,16:58,27
2025-11-29,17:02,31
2025-11-29,17:03,12
2025-11-29,17:05,58
2025-11-29,17:06,26
2025-11-29,17:07,17
2025-11-29,17:08,12
2025-11-29,17:09,57
2025-11-29,17:10,37
2025-11-29,17:12,22
2025-11-29,17:28,6
2025-11-29,17:29,61
2025-11-29,17:30,1
2025-11-29,18:05,18
2025-11-29,18:06,62
2025-11-29,18:08,19
2025-11-29,18:09,12
2025-11-29,18:11,14
2025-11-29,18:19,11
2025-11-29,18:23,12
2025-11-29,18:25,29
2025-11-29,18:26,62
2025-11-29,18:27,6
2025-11-29,18:33,58
2025-11-29,18:34,8
2025-11-29,18:35,10
2025-11-29,18:37,29
2025-11-29,18:38,46
2025-11-29,18:39,1
2025-11-29,18:40,18
2025-11-29,18:42,18
2025-11-29,18:43,39
2025-11-29,18:44,61
2025-11-29,18:45,23
2025-11-29,19:10,10
2025-11-29,19:12,9
2025-11-29,19:35,29
2025-11-29,19:36,4
2025-11-29,19:48,4
2025-11-29,19:49,1
2025-11-29,19:58,12
2025-11-29,20:00,8
2025-11-29,20:05,14
2025-11-29,20:17,33
2025-11-29,20:30,69
2025-11-29,20:31,24
2025-11-29,20:32,8
2025-11-29,20:33,24
2025-11-29,21:48,35
2025-11-29,21:52,5
2025-11-29,23:44,9
2025-11-29,23:54,10
2025-11-30,05:09,4
2025-11-30,05:32,25
2025-11-30,05:33,25
2025-11-30,05:34,97
2025-11-30,05:35,20
2025-11-30,05:36,18
2025-11-30,05:38,30
2025-11-30,05:39,62
2025-11-30,05:40,24
2025-11-30,05:41,24
2025-11-30,05:42,8
2025-11-30,05:44,18
2025-11-30,05:45,38
2025-11-30,05:46,45
2025-11-30,05:47,36
2025-11-30,06:15,20
2025-11-30,06:19,45
2025-11-30,06:20,17
2025-11-30,06:31,3
2025-11-30,06:34,10
2025-11-30,06:52,5
2025-11-30,06:56,8
2025-11-30,06:57,32
2025-11-30,07:22,17
2025-11-30,07:23,17
2025-11-30,07:27,3
2025-11-30,07:28,19
2025-11-30,07:29,1
2025-11-30,07:30,22
2025-11-30,07:34,5
2025-11-30,07:35,29
2025-11-30,07:36,28
2025-11-30,07:37,34
2025-11-30,07:46,5
2025-11-30,07:47,61
2025-11-30,07:48,25
2025-11-30,08:00,6
2025-11-30,08:01,4
2025-11-30,08:10,11
2025-11-30,08:11,63
2025-11-30,08:13,54
2025-11-30,08:14,46
2025-11-30,08:15,20
2025-11-30,08:16,60
2025-11-30,08:17,34
2025-11-30,08:19,6
2025-11-30,08:22,35
2025-11-30,08:23,74
2025-11-30,08:24,76
2025-11-30,08:25,96
2025-11-30,08:26,91
2025-11-30,08:27,96
2025-11-30,08:28,93
2025-11-30,08:29,57
2025-11-30,08:30,82
2025-11-30,08:31,30
2025-11-30,08:32,36
2025-11-30,08:35,49
2025-11-30,08:36,79
2025-11-30,08:37,50
2025-11-30,08:38,83
2025-11-30,08:39,70
2025-11-30,08:40,28
2025-11-30,08:41,53
2025-11-30,08:42,76
2025-11-30,08:43,64
2025-11-30,08:45,11
2025-11-30,08:46,54
2025-11-30,09:31,54
2025-11-30,09:32,23
2025-11-30,09:33,27
2025-11-30,09:34,36
2025-11-30,09:35,5
2025-11-30,09:37,7
2025-11-30,09:38,7
2025-11-30,09:39,37
2025-11-30,09:40,33
2025-11-30,09:42,12
2025-11-30,09:43,4
2025-11-30,09:46,14
2025-11-30,09:47,30
2025-11-30,09:49,41
2025-11-30,09:51,8
2025-11-30,09:55,6
2025-11-30,09:58,22
2025-11-30,10:00,3
2025-11-30,10:06,28
2025-11-30,10:07,39
2025-11-30,10:08,6
2025-11-30,10:11,41
2025-11-30,10:12,13
2025-11-30,10:19,9
2025-11-30,10:20,13
2025-11-30,10:21,1
2025-11-30,10:26,26
2025-11-30,10:27,28
2025-11-30,10:31,16
2025-11-30,10:32,5
2025-11-30,10:33,39
2025-11-30,10:34,61
2025-11-30,10:35,15
2025-11-30,10:37,13
2025-11-30,10:38,17
2025-11-30,10:40,64
2025-11-30,10:41,1
2025-11-30,10:56,78
2025-11-30,11:07,30
2025-11-30,11:08,9
2025-11-30,11:12,45
2025-11-30,11:13,22
2025-11-30,11:15,11
2025-11-30,11:17,23
2025-11-30,11:18,10
2025-11-30,11:20,23
2025-11-30,11:21,10
2025-11-30,11:23,21
2025-11-30,11:24,5
2025-11-30,11:25,28
2025-11-30,11:31,10
2025-11-30,11:33,31
2025-11-30,11:34,100
2025-11-30,11:35,44
2025-11-30,11:36,33
2025-11-30,11:37,3
2025-11-30,11:38,9
2025-11-30,11:39,81
2025-11-30,11:40,48
2025-11-30,11:41,77
2025-11-30,11:42,85
2025-11-30,11:43,92
2025-11-30,11:44,72
2025-11-30,11:45,5
2025-11-30,11:46,15
2025-11-30,11:47,1
2025-11-30,11:54,27
2025-11-30,11:56,49
2025-11-30,11:57,80
2025-11-30,11:58,26
2025-11-30,12:00,18
2025-11-30,12:01,22
2025-11-30,12:02,15
2025-11-30,12:11,5
2025-11-30,12:40,7
2025-11-30,12:41,89
2025-11-30,12:42,112
2025-11-30,12:43,106
2025-11-30,12:44,65
2025-11-30,12:46,22
2025-11-30,12:48,87
2025-11-30,12:49,57
2025-11-30,12:51,36
2025-11-30,12:52,20
2025-11-30,12:53,107
2025-11-30,12:54,112
2025-11-30,12:55,2
2025-11-30,13:02,7
2025-11-30,13:41,33
2025-11-30,13:42,33
2025-11-30,13:43,16
2025-11-30,13:44,46
2025-11-30,13:45,43
2025-11-30,13:46,33
2025-11-30,13:47,61
2025-11-30,13:48,95
2025-11-30,13:49,111
2025-11-30,13:50,77
2025-11-30,13:51,105
2025-11-30,13:52,117
2025-11-30,13:53,109
2025-11-30,13:54,105
2025-11-30,13:55,106
2025-11-30,13:56,100
2025-11-30,13:57,88
2025-11-30,13:58,63
2025-11-30,13:59,9
2025-11-30,14:00,28
2025-11-30,14:01,6
2025-11-30,14:02,62
2025-11-30,14:03,52
2025-11-30,14:05,122
2025-11-30,14:06,98
2025-11-30,14:07,112
2025-11-30,14:08,111
2025-11-30,14:09,11
2025-11-30,14:10,47
2025-11-30,14:14,24
2025-11-30,14:15,14
2025-11-30,14:18,16
2025-11-30,14:19,11
2025-11-30,14:20,42
2025-11-30,14:21,38
2025-11-30,14:46,21
2025-11-30,14:47,37
2025-11-30,14:48,57
2025-11-30,14:49,4
2025-11-30,15:03,52
2025-11-30,15:04,37
2025-11-30,15:10,25
2025-11-30,15:11,36
2025-11-30,15:12,23
2025-11-30,15:13,68
2025-11-30,15:14,14
2025-11-30,15:20,9
2025-11-30,15:22,10
2025-11-30,15:26,9
2025-11-30,16:15,73
2025-11-30,16:16,88
2025-11-30,16:17,1
2025-11-30,16:18,13
2025-11-30,16:19,6
2025-11-30,16:21,5
2025-11-30,16:26,24
2025-11-30,16:27,6
2025-11-30,16:46,5
2025-11-30,16:50,56
2025-11-30,16:51,13
2025-11-30,16:52,5
2025-11-30,16:53,7
2025-11-30,17:08,7
2025-11-30,17:16,28
2025-11-30,17:17,21
2025-11-30,17:22,19
2025-11-30,17:23,28
2025-11-30,17:24,27
2025-11-30,17:25,8
2025-11-30,17:29,13
2025-11-30,17:30,43
2025-11-30,17:31,3
2025-11-30,17:33,14
2025-11-30,17:42,10
2025-11-30,17:43,5
2025-11-30,17:46,30
2025-11-30,17:47,26
2025-11-30,17:48,30
2025-11-30,17:58,44
2025-11-30,18:03,15
2025-11-30,18:04,42
2025-11-30,18:28,21
2025-11-30,18:30,12
2025-11-30,18:31,20
2025-11-30,19:07,23
2025-11-30,19:08,27
2025-11-30,19:10,34
2025-11-30,19:11,6
2025-11-30,19:13,31
2025-11-30,19:14,52
2025-11-30,19:15,47
2025-11-30,19:16,18
2025-11-30,19:18,9
2025-11-30,19:19,50
2025-11-30,19:21,5
2025-11-30,19:24,3
2025-11-30,19:32,5
2025-11-30,19:42,29
2025-11-30,19:43,11
2025-11-30,19:47,22
2025-11-30,19:48,13
2025-11-30,20:25,8
2025-11-30,20:26,5
2025-11-30,20:27,14
2025-11-30,21:13,37
2025-11-30,21:14,15
2025-11-30,21:32,6
2025-11-30,21:46,6
2025-11-30,21:47,7
2025-11-30,22:03,38
2025-11-30,22:04,7
2025-11-30,23:05,35
2025-11-30,23:06,23
2025-11-30,23:14,17
2025-11-30,23:15,13
2025-11-30,23:16,26
2025-11-30,23:19,7
